25-1-1 空気と混合する可燃性ガス濃度を変えて、燃焼速度を測ると、爆発下限界から単調に増加し、爆発上限界で最も大きくなる。,×
25-1-2 伝播する火炎が消炎する最大の隙間を消炎距離といい、消炎の可燃性ガス濃度依存および背圧の影響を考慮して最大安全隙間が決まる。,○
25-1-3 可燃性混合ガスの爆発下限界は、火炎温度が一定以上になる条件で概ね決まり、燃焼前の初期温度を上げると下限界濃度は低下する。,○
25-1-4 加圧された液体が常圧の沸点以上の温度にあるとき、容器の破壊などで圧力が解放されると液体が爆発的に蒸発する現象は蒸気爆発である。,○
26-1-1 可燃性混合ガスに火花で点火するとき、火花のエネルギーを小さくするほど発火する可燃性ガスの濃度範囲は狭くなっていき、あるエネルギー以下では発火しなくなる。,○
26-1-2 可燃性ガスの発火温度は、測定法によって異なる値をとるため、複数のガスで発火温度を比較する場合には、同じ測定法で得られた値を用いなければならない。,○
26-1-3 可燃性ガスの爆発危険性を緩和するために不活性ガスで希釈する場合、同じ体積を添加するのであれば不活性ガスの種類によらず、同等な効果が得られる。,×
26-1-4 爆ごうは、衝撃波を伴う強力な爆発であるため、爆ごう範囲は通常の爆発範囲より広い。,×
27-1-1 アセチレンやゲルマンは、支燃性ガスがなくとも単独で分解・爆発する性質がある。,○
27-1-2 可燃性液体の蒸気圧が低く、混合ガス中の濃度が爆発範囲に入っていなくても、炎を近づけると可燃性液体の温度が上がって蒸気圧が上昇し、引火することがある。,○
27-1-3 すべての可燃性ガスにおいて、圧力が上昇すると爆発上限界が上昇し、爆発下限界が低下して爆発範囲は広がる。,×
27-1-4 ボンベのバルブを急激に開くと、減圧調整器内が高温となり発火・爆発に至ることがあるが、これは高圧ガスの流入により静電気による火花が生じるためである。,×
28-1-1 空気中に可燃性液体のミストが白雲状に広がっていても、ミストが完全に蒸発しない限り爆発することはない。,×
28-1-2 管内で燃焼開始から爆ごうに転移するまでの距離は、管内の初期圧力と管径が同じであれば、可燃性ガスの種類によらない。,×
28-1-3 混合ガスを点火する場合にフランジのない棒状電極を用いると、電極間距離が消炎距離より短くても、火花のエネルギーが十分大きければ発火（着火）することがある。,○
28-1-4 一般に、爆発下限界における混合ガスの断熱火炎温度は、初期温度によらず一定である。,○
29-1-1 可燃性ガスを不活性ガスで希釈して爆発危険性を緩和する場合、不活性ガスとしてモル熱容量の小さな窒素を用いたほうが、二酸化炭素よりも効果が大きい。,×
29-1-2 一般に密閉容器内燃焼における断熱火炎温度は、常圧下における断熱火炎温度よりも高くなる。,○
29-1-3 爆発範囲の圧力依存性は可燃性ガスの種類により異なるが、温度依存性については可燃性ガスの種類によらず、高温になるほど爆発範囲が広がる。,○
29-1-4 可燃性ガスの発火温度は、実験条件下における発熱と放熱の釣り合いで決まるので、測定方法を変えても同じ値となる。,×
30-1-1 容器内で発生した火炎が狭い隙間を通り抜けて外部に伝播するときには、容器内の圧力が上昇しているため、常温、大気圧での消炎距離よりも狭い隙間としなければ消炎することができない。,○
30-1-2 可燃性混合ガスの最小発火エネルギーは化学量論組成付近で最小となり、圧力の増大とともにその値は大きくなり発火の危険性は減少する。,×
30-1-3 可燃性ガスと支燃性ガスの組み合わせが同じであれば、爆ごう範囲と爆発範囲はほぼ一致する。,×
30-1-4 水素と空気の混合ガスの最大燃焼速度は、プロパンと空気の混合ガスのそれよりも小さい。,○
R2-1-1 可燃性ガスを不活性ガスで希釈する場合、爆発上限界はあまり変化しないが、爆発下限界を上昇させる効果は大きい。,×
R2-1-2 ボンベのバルブを急激に開くと、減圧調整器内に高圧ガスが流入し、断熱圧縮により一時的に減圧調整器内のガスが高温となって発火源となることがある。,○
R2-1-3 フランジ付き電極間の放電による最小発火エネルギーの測定では、電極間隔を狭くしていくと急激に最小発火エネルギーが大きくなり発火しなくなる。このときのフランジ間隔が消炎距離である。,○
R2-1-4 管内の一端で可燃性混合ガスに点火すると、はじめは通常の燃焼波が伝播するが、やがて爆ごうに転移することがある。このとき、可燃性混合ガスの燃焼速度が大きいほど、圧力が高いほど、爆ごうへ転移するまでの距離（爆ごう誘導距離）は短くなる。,○
R3-1-1 飽和炭化水素では、爆発下限界濃度[vol%]と燃焼熱[kJ/mol]の積がほぼ一定である。,○
R3-1-2 一般に、密閉容器内燃焼における断熱火炎温度は常圧下における断熱火炎温度と等しい。,×
R3-1-3 可燃性ガスの発火温度は測定方法によって値が異なるので、異なったガス間で発火温度を比較するときは、同じ測定方法を用いる必要がある。,○
R3-1-4 容器内で加圧・加熱された液体が常圧の沸点以上の温度になっている時、容器が破れて圧力が急に解放されると液体が爆発的に蒸発することがあり、これを蒸気爆発という。,○
R4-1-1 可燃性液体の蒸気圧が低く、空気との混合ガスの濃度が爆発範囲に入っていなくても、炎を近づけると可燃性液体の温度が上がって蒸気圧が上昇し、引火することがある。,○
R4-1-2 断熱火炎温度とは、可燃性混合ガスの燃焼により発生した熱が外部に逃げずに、燃焼生成物の加熱にすべて使われると仮定して計算される温度である。,○
R4-1-3 空気中の酸素のモル分率をおよそ0.2とすれば、メタンと空気の混合体積比率がおよそ1：10のときに化学量論組成となり、爆発しやすい混合気となる。,○
R4-1-4 爆ごうは衝撃波を伴う強力な爆発であるため、同じ可燃性ガスと支燃性ガスの組み合わせであれば、爆ごう範囲は爆発範囲よりも広い。,×
25-2-1 水素は熱に対して不安定で拡散速度が大きく、配管や容器から高速で噴出したとき、固体微粉や液滴の混入があると静電気が発生し、その放電により発火することがある。,×
25-2-2 エチレンは、無色で独特の甘いにおいを持つ可燃性ガスで、水、アルコール、エーテルによく溶け、漏洩時には大量の水で吸収する方法が有効である。,×
25-2-3 二酸化硫黄は、強い刺激臭を持つ不燃性で毒性の強いガスであり、水に溶けると酸性を示す。,○
25-2-4 ホスゲンは、常温において乾燥状態では鉄をほとんど腐食しないが、水分が存在すると加水分解して塩酸を生じるため鉄を腐食する。,○
26-2-1 一酸化炭素は、可燃性かつ毒性のガスで極めて酸化性が強く、また、鉄族の金属と反応して金属カルボニルを生成する。,×
26-2-2 ヘリウムは、化学的に不活性であり、液体ヘリウムの沸点は物質の中で最も低い。,○
26-2-3 硫化水素は、無色で特有の腐卵臭を有する可燃性ガスであり、酸化性が強く、濃硝酸と激しく反応する。,×
26-2-4 アセチレンは、吸熱化合物であり、分解爆発を起こす危険性が高いので、容器に充填するときに溶解充填した。,○
27-2-1?水素は、高温高圧において、鋼材中の炭化物と反応してメタンを生成し、水素侵食を起こす。,○
27-2-2?炭酸ガスは、マグネシウムやナトリウムの消火にも有効である。,×
27-2-3?アンモニアは、空気中で可燃性を有し、エタンより最小発火エネルギーが小さい。,×
27-2-4?水分を含んだ塩素ガスは、常温で極めて腐食性が強く、チタン以外のほとんどの金属材料を激しく腐食する。,○
28-2-1?ブタジエンは三重結合をもっており、反応性に富み、種々の生成物が得られる。,×
28-2-2?亜酸化窒素は、分解爆発性があり、自動車用のエアバッグ・インフレーターに使用されている。,○
28-2-3?フッ素は常温で特有な刺激臭を持ち、塩素と同様の極めて強い毒性のある可燃性ガスである。,×
28-2-4?ゲルマンは無色、吐き気を催すような不快臭のあるガスで、毒性がある。,○
29-2-1?フッ素は、すべての元素の中で最も強い酸化力を持つ元素である。,○
29-2-2?塩素は水に溶解すると、塩酸と次亜塩素酸とを生ずる。,○
29-2-3?二酸化炭素は、大気圧で冷却すると液体になり、その液体を加圧すると固体のドライアイスになる。,×
29-2-4?酸素不足は生命の危険を招くが、純酸素は人体にとって無害である。,×
30-2-1 水素は、最小発火エネルギーが小さく、静電気放電は容易に発火源となりうる。,○
30-2-2 酸化エチレンは、常温大気圧下の爆発範囲の上限値が100vol%であり、大気圧下で空気が存在しなくても発火源があれば爆発を起こす分解爆発性がある。,○
30-2-3 アンモニアは、強い刺激臭を持つ可燃性かつ毒性のガスであり、銅及び銅合金に対して腐食性を示さない。,×
30-2-4 シランおよびジシランは、純水あるいは酸性水溶液とはほとんど反応しないが、アルカリ性水溶液とは反応して水素を発生する。,○
R1-2-2 硫化水素は、腐乱臭を有する毒性ガスで、水分がある環境では腐食性は小さい。,×
R1-2-3 塩素は、酸化力が強いので可燃性物質に対して支燃性を示すが、常温で乾燥した状態では鉄に対する腐食性がほとんどない。,○
R1-2-4 フッ素は、常温では特有な刺激臭を持ち極めて強い毒性のある可燃性ガスである。,×
R2-2-1 シアン化水素は、水分が含まれると重合により爆発することがあるので、安定剤としてアルカリ性物質を少量加える。,×
R2-2-2 二酸化炭素は、消火剤として用いられ、マグネシウムやナトリウムの消火にも有効である。,×
R2-2-3 液状のLPガスは、電気絶縁性がよく静電気が蓄積されやすいので、その放電による火花で発火する危険がある。,○
R2-2-4 アセチレンは、酸素ガスによって燃焼させると3000℃を越える温度の火炎を生成できるので、金属の溶断などに用いられる。,○
R3-2-1 窒素は、高温、高圧では触媒上で水素と反応してアンモニアを生成し、高温では酸素と反応して酸化窒素となる。,○
R3-2-2 希ガス類のアルゴンは、不活性ガスとしてステンレス鋼の溶接用保護ガスに用いられる。,○
R3-2-3 アンモニアは、銅及び銅合金に対して腐食性を示さないが、鉄に対しては激しい腐食性を示す。,×
R3-2-4 塩化水素は、水に溶けると塩酸となり、イオン化傾向が水素より小さい金属は、塩化水素に侵され、水素を発生して塩化物となる。,×
R4-2-1 酸素を化学反応に使用する場合、過酸化物などが生成して爆発の原因となることがある。,○
R4-2-2 メタンは、天然ガスの主成分であり空気より重く、空気中で燃焼させると淡青色の炎を発する。,×
R4-2-3 ブタジエンは、無色の可燃性ガスで、常温でも空気中の酸素と反応して重合性の過酸化物をつくる。,○
R4-2-4 フッ化水素は、腐食性や毒性が強いガスで、反応性が高く有機化合物とも反応してフッ化物となる。,○
H25-3-1 炭素鋼への亜鉛めっきは、クロムめっきに比べて、ピンホール、きずなどにより炭素鋼が露出した場合に、耐食性が悪くなる。,×
H25-3-2 オーステナイト系ステンレスであるSUS304は、耐食性、高温強度、低温靭性に優れているが、使用環境によっては粒界腐食、孔食、応力腐食割れを生じる欠点がある。,○
H25-3-3 Cr-Mo鋼は、クロムの酸化物皮膜を生成し、皮膜は緻密で保護性があるので、炭素鋼に比べて耐酸化性に優れている。,○
H25-3-4 水素侵食は、高温高圧の水素ガス環境で鋼中に侵入した水素が鋼中の炭化物と反応し、生成するメタンの圧力で鋼に微細な亀裂を発生させる現象で、クロム、モリブデンの含有量を増すと耐水素侵食性は向上する。,○
H26-3-1 炭素鋼の機械的性質は、炭素量によって大きく変化し、引張強さ、降伏点は炭素量の増加とともに低下する。,×
H26-3-2 乾燥した塩素ガス中での高温ガス腐食に対する耐用温度は、SUS304のほうが炭素鋼よりも高い。 ,○
H26-3-3 オーステナイト系ステンレス鋼容器の溶接熱影響部に生じる粒界腐食を防止するため、炭素量の少ない材料を使用した。,○
H26-3-4 配管の外面への塗装には腐食反応を生じさせる水、酸素などを金属表面に触れさせないことにより防食する役割がある。,○
H27-3-1 炭素鋼に対する電気防食法は、土壌埋設物及び海洋構造物への水没部への適用が多く、電流を流入させる方法として犠牲陽極法と外部電源法がある。,○
H27-3-2 オーステナイト系ステンレス鋼とアルミニウム合金は、結晶構造が面心立方格子であり、低温脆性を示さない。,○
H27-3-3 応力腐食割れは、圧縮応力の高い部分に発生しやすい。,×
H27-3-4 炭素鋼の炭素を増加させると、引張強さが低下し、シャルピー衝撃試験の延性?脆性遷移温度も低下する。,×
H28-3-1 常温の98%の濃硫酸の配管材料に、炭素鋼を採用した。,○
H28-3-2 往復圧縮機などに接続する配管の機械振動による疲労破壊を防止するには、共振は避けたうえで、配管の支持点の間隔を広げて変形に対する拘束を緩めることが有効である。,×
H28-3-3 装置の耐用年数に見合う腐食しろを、計算上必要な肉厚に付加する対策は、侵食速度が大きい局部腐食に有効でない場合が多い。,○
H28-3-4 炭素鋼へのクロムめっきは、亜鉛めっきに比べて、キズなどにより炭素鋼が露出した場合に、炭素鋼の腐食を促進する。,○
H29-3-1 フェライト系ステンレスSUS430は、オーステナイト系ステンレス鋼SUS304に比べて塩化物による応力腐食割れが生じにくい。,○
H29-3-2 Cr-Mo鋼は、クロムの酸化物皮膜を生成し、皮膜は緻密で保護性があるので、クロムの増加とともに耐酸化性を増す。,○
H29-3-3 炭素鋼配管に施した樹脂ライニングが損傷した場合に、さらに電気防食法を適用しても防食の効果はない。,×
H29-3-4 9%ニッケル鋼は、アルミニウム合金またはオーステナイト系ステンレス鋼と同様に、液体窒素温度より低い極低温領域であっても低温脆性を示さない。,×
H30-3-1 オーステナイト系ステンレス鋼は、耐食性、高温強度、低温靭性に優れているが、SUS304は使用環境によっては粒界腐食、孔食、応力腐食割れを生じる欠点がある。,○
H30-3-2 炭素鋼の電気防食の犠牲陽極として、土壌中では亜鉛を、海水中ではアルミニウム系の合金を採用した。,○
H30-3-3 150℃の乾燥した塩素ガスに使用する配管材料にチタンを使用した。,×
H30-3-4 応力腐食割れは圧縮応力が高い部分に発生しやすい。,×
R1-3-1 炭素鋼の機械的性質は、炭素量によって大きく変化し、引張強さ、降伏点は炭素量の増加とともに低下する。,×
R1-3-2 オーステナイト系ステンレス鋼は、結晶構造が面心立方格子であり、低温脆性を示さない。,○
R1-3-3 亜鉛めっきした炭素鋼は、クロムめっきした炭素鋼に比べて、ピンホール、きずなどにより露出した部分の耐食性が劣る。,×
R1-3-4 水素侵食は、高温高圧の水素ガス環境で鋼中に侵入した水素が鋼中の炭化物と反応し、生成するメタンの圧力で鋼に微細な亀裂を発生させる現象で、クロム、モリブデンの含有量を増やすと耐水素侵食性は向上する。,○
R2-3-1 オーステナイト系ステンレス鋼容器の溶接熱影響部に生じる粒界腐食を発生しにくくするために、炭素量の少ない材料を使用した。,○
R2-3-2 応力腐食割れは、圧縮応力が高い部分に発生しやすい。,×
R2-3-3 オーステナイト系ステンレス鋼は表面に不働態皮膜を形成し、不動態皮膜が溶解する塩酸中、希塩酸中では腐食するが、不動態皮膜が安定な濃硫酸中では腐食しない。,○
R2-3-4 Cr-Mo鋼は高温クリープ特性が優れているため高温の反応器などに使用されるが、不純物の偏析に起因する焼き戻し脆化の感受性が高いことに注意する必要がある。,○
R3-3-1 ph3の酸性水溶液中で、炭素鋼は腐食し、オーステナイト系ステンレス鋼は不動態化して腐食しにくい。,○
R3-3-2 オーステナイト系ステンレス鋼およびフェライト系ステンレス鋼は、高温海水環境での引張応力のもとで、塩素イオンに起因する応力腐食割れが生じやすい。,×
R3-3-3 ステンレス鋼の孔食が比較的高濃度の塩化物イオンを含む環境で起こるのは、塩化物イオンが不動態皮膜を局所的に破壊するためである。,○
R3-3-4 クロムモリブデン鋼は、クロムの酸化物皮膜を生成し、皮膜は緻密で保護性があるので、炭素鋼に比べて耐酸化性に優れている。,○
R4-3-1 電解質溶液中で異種金属を接触させると電池を形成し、腐食電位列がプラス側となる金属は腐食が促進される。,×
R4-3-2 炭素鋼水配管に生じた錆こぶの下が溶存酸素の供給を受けにくい結果、局部的に孔食を生じる現象は通気差腐食の一例である。,○
R4-3-3 鋭敏化したステンレス鋼では、多くの腐食環境中で結晶粒界が選択的に腐食する。,○
R4-3-4 窒化は、高温の窒素ガスに接する金属に窒素が侵入して、金属が脆くなる現象であり、炭素鋼に比べてオーステナイト系ステンレス鋼に発生しやすい。,×
H25-5-1 電磁流量計は、導電性流体の流量を測定できるが、混入物を含む流体には適さない。,×
H25-5-2 抵抗温度計は、温度とともに変化する熱起電力を測定することにより温度を計測する。,×
H25-5-3 ブルドン管圧力計のブルドン管材料には、一般に、黄銅、りん青銅、ステンレス鋼が用いられている。,○
H25-5-4 金属管式マグネットゲージは、ゲージグラスに比べて液面高さの測定範囲が広く、高い圧力の液体でもより安全である。,○
H26-5-1 腐食性があり固形物が混入した流体の圧力計に、隔膜式圧力計を使用した。,○
H26-5-2 バイメタル式温度計は、2種類の金属銅線を接続したループの2つの接合点の温度差に正比例して起電力が生じることを利用している。,×
H26-5-3 コリオリ式流量計は、流体の質量流量を直接測定できるが、レンジアビリティは狭く、スラリー流体には使用できない。,×
H26-5-4 気層が凝縮性の液化ガス貯槽に、差圧発信機本体と受圧部をキャピラリチューブで連結したリモートシール型差圧液面計を採用した。,○
H27-5-1?フロート型面積流量計は、鉛直配管、水平配管どちらにも設置できる。,×
H27-5-2?被測定物から放射される赤外線を赤外線カメラでとらえ、それを画像処理して温度分布を視覚に表したものがサーモグラフィである。,○
H27-5-3差圧発信機を、圧力測定のみならず流量測定の信号伝送器としても使用した。,○
H27-5-5?タンクゲージに、フロート式よりも精度が高く、保守性の良いワイヤドラム式を採用した。,○
H28-4-1?ブルドン管圧力計には、ケース背面に安全窓を取り付けたものがあるが、これはブルドン管が破裂した場合にケース前面のガラス窓の破損及び飛散を防止するためである。,○
H28-4-2?空気式差圧伝送器は、信号の伝送に時間遅れを生じるなどの欠点があり、伝送距離は100m以内にすることが望ましい。,○
H28-4-3?調節弁のうち、ケージ弁は高差圧流体に対して不安定な動作になり、プラグの振動が発生するので、高差圧流体に適さない。,×
H28-4-4?温度制御ループにおいて正特性の温度伝送器を使用した場合、伝送信号が喪失すると調節器は高温であると判断して低温になるように調節する。,×
H29-4-1?渦流量計は、流れに垂直に挿入された渦発生体の下流に発生するカルマン渦列の周波数が、流速に正比例することを利用した流量計である。,○
H29-4-2?予測制御の一種であるフィードフォワード制御は、それだけでは目標値と制御量が一致したかどうかを確認することができず、偏差を修正することもできないため、フィードバック制御と組み合わせて使用される。,○
H29-4-3?調節弁の駆動用電源が喪失した場合でも、プラントが危険な状態にならないように弁の駆動方式を選定することはフール・プルーフである。,×
H29-4-4?並列冗長系の冗長システムは、機器が故障した場合に待機している危機に切り替える方式である。,×
H30-4-1 腐食性流体や凝固しやすい流体などの圧力測定には、隔膜式圧力計が適している。,○
H30-4-2 リニア特性の調節弁においては、弁開度と流量はほぼ正比例する。,○
H30-4-3 ゲージグラスにおいて、一般に不透明な液体や界面の測定には反射式を用いる。,×
H30-4-4 近年、警報システムにおいて、スタートアップなどの非定常時に警報が一時的に多発することを抑制したり、不必要な警報を削減したりする取り組みがなされている。,○
R1-4-1 コリオリ式流量計は質量流量が測定でき、スラリー流体にも適用できる。,○
R1-4-2 １つの調節計（一次調節計）の出力値により他の調節計（二次調節計）の目標値を制御する方法をフィードフォワード制御という。,×
R1-4-3 積分動作は比例動作で生ずるオフセットを消すことができるので、通常比例動作と組み合わせてPI動作として広く用いられる。,○
R1-4-4 機器、設備に異常および故障が生じた時でも、装置が安全な状態になるよう設計上配慮することをフェール・セーフという。,○
R2-4-1 運転温度1000℃の設備の温度監視に白金ロジウム合金-白金の熱電温度計を使用した。,○
R2-4-2 コリオリ式流量計をスラリー流体の流量測定に使用した。,○
R2-4-3 ガスクロマトグラフは、ガスの種類のよりカラムを通過する速さが異なることを利用して、ガスのそれぞれの成分を検出する。,○
R2-4-4 調節弁の駆動用電源が喪失した場合でも、プラントが危険な状態にならないように弁の駆動方式を選定することはフール・プルーフである。,×
R3-4-1 オリフィス流量計は差圧式流量計の一つであり、流量計での圧力損失を小さくしたい場合に用いられる。,×
R3-4-2 腐食性流体や凝固しやすい流体などの圧力測定には、隔膜式圧力計が適している。,○
R3-4-3 警報システムにおいて、オペレータの負荷低減を図るため、スタートアップなどの非定常時に不必要な警報が一時的に多発することを抑制する取り組みを行った。,○
R3-4-4 弁駆動用の空気および電源が喪失した場合でもプラントが危険な状態にならないよう、弁を全開にする、全閉にする、または開度を保持するなどを考慮して駆動方式を選定することは、フール・プルーフの具体的な例である。,×
ブルドン管圧力計は、断面がだ円、平円形などの金属管を円弧状に曲げ、管内に圧力を加えたときの弾性変形を利用して目盛盤上の指針の位置で圧力を読みとるものである。,○
ゲージグラスは、ガラスを通して液面を直視するもので、一般に2つの液体の界面の測定には反射式を用いる。,×
微分動作は、偏差の変化速度に比例して操作量を変える制御動作であり、外乱などで生じた偏差をできるだけ早く減少させたいときに有効である。,○
圧縮機を起動するとき、間違って操作したとしても安全のために必要な条件が確保されていなければスタートしないようなインターロックシステムは、フェールセーフの具体的な例である。,×
H25-4-1 液化プロパンを高圧で貯蔵するのに高張力鋼製の球形貯槽を設置した。,○
H25-4-2 50?100m3程度以下の小型圧力容器では、円筒形貯槽が経済的な形式と考えられ、構造が単純で製作も容易なため、一般的に使用されている。,○
H25-4-3 二重殻式円筒型低温貯槽は、内槽、外槽間に適切な断熱材が充填されるが、外槽にも低温材料を用いる必要がある。,×
H25-4-4 二重殻式平底円筒型低温貯槽の基礎を地盤中に直接埋設し、基礎が凍結して変形を起こさないように、基礎中に電熱ヒーターを設置した。,○
H26-4-1?固定床式反応器では、触媒層の高さが大きくなる場合は、偏流の発生を抑えるため、触媒層を分割して再分散器を設ける方法がある。,○
H26-4-2?固定床式反応器で、発熱量が大きい場合の反応温度の制御には、触媒層を分割し、各触媒層の間にクエンチ用流体を送入する方法がある。,○
H26-4-3?流動床式反応器は、反応器の底部などから送入した流体により固体粒子の触媒を浮遊流動化させて、流体と固体の間で反応を行う反応器である。,○
H26-4-4?反応器内の触媒を連続的に再生するには、固定床式反応器が適している。,×
H27-4-1?吸着等に用いられる吸着剤は、分離目的成分との親和性と吸着速度を考慮して選定される。,○
H27-4-2?蒸留塔のトレイは、十字流接触型と向流接触型に分類され、バブルキャップトレイは、向流接触型である。,×
H27-4-3?連続式反応器のうち管式反応器は、反応速度が小さい場合によく用いられる。,×
H27-4-4?二重殻式平底円筒型低温貯槽の内槽には、強め輪（スティフナ）が取り付けられることがあるが、これは保冷・断熱用のパーライトの沈降により圧力がかかることによる座屈防止を主な目的としている。,○
H28-5-1?配管設計において、変動荷重には想定が困難な管外部に付着する雪や氷は考慮しない。,×
H28-5-2?配管設計における熱変位合成応力は、合成曲げ応力とねじり応力から算出される。,○
H28-5-3?配管設計において、往復圧縮機などによる圧力脈動に対しては、配管長さを変えたり、オリフィスを挿入するなどにより気柱振動との共振を避ける。,○
H28-5-4?高圧ガス設備にかかる耐震対策については、設備の使用期間中に発生する確率の低い直下型、海溝型の巨大地震による高いレベルの地震動と、発生する確率の高い地震動を想定し、その重要度に応じて設計が行われる。,○
H29-5-1?固定床式反応器における触媒層の分割は、偏流防止のための再分散だけでなく、総発熱量が大きくクエンチングで反応温度を制御する必要がある場合にも採用されることがある。,○
H29-5-2?多管円筒型熱交換器は、固定頭部、胴部、後頭部の組み合わせにより多くのバリエーションがあり、様々な条件に応じた適切な構造を採用することができる。,○
H29-5-3?配管系への機械振動に対しては、応力が局部に集中して疲労破壊を起こさないように、配管を強制的に拘束せず、フレキシビリティを持たせるようにする。,×
H29-5-4?超低温容器は、-50℃以下の液化ガスを充てんすることができる容器で、可搬式のものは内装と外装の間に断熱材を積層し、その部分を常温において10Pa程度まで真空引きされている。,○
30-5-1 空冷式熱交換器は、冷媒側に空気を使用するため、水冷式熱交換器に比べ、伝熱面積を小さくできる。,×
30-5-2 塔のトレイは、十字流接触型と向流接触型に分類され、ダウンカマーを有するシーブトレイは、十字流接触型である。,○
30-5-3 塔の充填物は、不規則充填物と規則充填物に分類され、ラシヒリングは、不規則充填物である。,○
30-5-4 流動床式反応器は、反応器の底部などから送入した流体により固体粒子の触媒を浮遊流動化させて反応を行うものであり、再生塔を併設することにより連続的に再生された触媒を反応器に導入することも可能である。,○
1-5-1 二重管式熱交換器は、多管円筒形熱交換器に比べて、熱交換器の大きなものが要求される場合に用いられる。,×
1-5-2 プレート式熱交換器は、分解組立が容易で清掃しやすいが、圧力損失が大きく、また、ガスケットを介してプレートを重ね合わせた構造であるために温度・圧力条件、流体性状に制限がある。,○
1-5-3 多管円筒形熱交換器は、プレート式熱交換器に比べて熱伝達率が大きく取れることから、熱伝達量が同じであれば、小型化が図れる。,×
1-5-4 二重殻式円筒型低温貯槽は、内槽と外槽の間に適切な断熱材が充填されるので、外槽に低温用材料を用いる必要はない。,○
2-5-1 平底円筒形貯槽は、プロパン、ブタンなどの液化ガスを高圧で大容量貯蔵するのに最適な形式である。,×
2-5-2 50～100m3程度以下の小型圧力容器では、円筒形貯槽が構造が単純で製作が容易なため経済的な形式と考えられ、一般的に使用されている。,○
2-5-3 二重殻式平底円筒型低温貯槽の基礎を地盤中に直接埋設したので、基礎が凍結して変形を起こさないように、基礎中に不凍液を循環させた。,○
2-5-4 二重殻式平底円筒型低温貯槽において、内槽と外槽の間に断熱用にパーライト粒を充填し、内槽にはパーライト粒が及ぼす圧力による座屈防止のため強め輪（スティフナ）を取り付けた。,○
3-5-1 プレート式熱交換器は、プレートを介して熱交換を行う構造であり、圧力損失が小さく、温度・圧力条件、流体性状に対する制限が少ない。,×
3-5-2 空温式蒸発器は運転において熱源が大気であるという利点を持つ反面、その他の熱源を持つ蒸発器と比較して設置面積が大きくなるという欠点がある。,○
3-5-3 エアフィンクーラーは冷却媒体が空気であり、その熱伝導率や比熱の低さを補う目的で、通常は伝熱管外側にフィンを設けて伝熱面積を大きくしている。,○
3-5-4 二重管式熱交換器は、多管円筒形熱交換器に比べて、熱交換量の大きなものが要求される場合に用いられる。,×
H25-6-1 キャビテーションを防止するために、液化ガス貯槽の液温を上げてポンプ吸い込み圧力を上げた。,×
H25-6-2 配管系の水撃（ウォータハンマ）を防止する対策の一つとして、遮断弁の開閉速度をできる限り大きくなるように設定した。,×
H25-6-3 同一特性のポンプを2台直列運転するとき、吐出し弁絞りなどによる流量調節をしなければ、流量は増加してポンプ1台あたりの所要軸動力は1台単独運転の時より大きくなる。,○
H25-6-4 ポンプの取り扱い液を粘性係数（粘度）の高い液に替えると、駆動電動機が過負荷になる可能性がある。,○
H26-6-1 遠心ポンプの羽根車やケーシング内面はキャビテーションにより損傷することがある。,○
H26-6-2 高揚程の遠心ポンプの羽根車出口に設けられた案内羽根（ディフューザ）は、流体に対し効率よく速度エネルギーを与えるためのものである。,×
H26-6-3 特性の異なる遠心ポンプを2台並列運転するときは、低流量域では片方のポンプの吐出し量がゼロ近くになる可能性があり、このような状態での連続運転は避ける。,○
H26-4-4 歯車ポンプは、通常吐出し弁閉で起動し、流量調整は吐出し弁で行う。,×
H27-6-1?羽根車に汚れが付着して発生するロータの異常振動の主周波数は、ロータの回転数に等しい。,○
H27-6-2?定常運転時の回転数は、ロータの一次危険速度を超えてはならない。,×
H27-6-3?吐き出し側の抵抗が大きくなると、圧縮機の運転がサージング領域に入る可能性がある。,○
H27-6-4?風量を下げる操作において、吐き出し側の絞り弁を操作する方法と、回転数を操作する方法とでは、駆動電動機の省エネルギー面での差異はない。,×
H28-6-1?給油式往復圧縮機では、多段化により各段の圧力比を小さくすることで、潤滑油の温度上昇を抑え、潤滑油の酸化劣化を抑える効果もある。,○
H28-6-2?多段往復圧縮機の各段圧力が低下する原因としては、後段の、吸い込み弁、吐出し弁の漏れ、ピストンリングの摩耗、冷却器の能力低下などの諸トラブルが考えられる。,×
H28-6-3?サージング限界付近まで遠心圧縮機の風量を下げる場合、一般的に吸い込み絞り弁操作より吐き出し絞り弁操作の方が制御範囲は広くとれる。,×
H28-6-4?遠心圧縮機の振動周波数分析の結果、主周波数(f)として圧縮機回転数(N)に対し、f=N、2N、3Nの成分の波形が検出された。原因として主軸（シャフト）と軸シールとの接触、心ずれなどが考えられる。,○
H29-6-1?キャビテーションが発生したので、低温液化ガスポンプの吸い込み配管の断熱材を取り外した。,×
H29-6-2?同一特性の遠心ポンプを2台直列運転する場合の一台当たりの所要軸動力は、抵抗曲線が変わらなければ、1台単独運転の時より大きくなる。,○
H29-6-3?吐出し弁を締め切って軸流ポンプを起動できるようバイパスを設け、可動羽根を使用した。,○
H29-6-4?往復ポンプでは、液体の脈動により生じる水撃作用を防止するために、吸込み弁、吐出し弁の異常の有無、吸込み配管のストレーナの詰まりなどをチェックした上で、配管系の弁を慎重に操作する。,○
30-6-1 遠心圧縮機の吐き出し管の絞り弁の開度調整で流量を減らす方法では、絞り弁の抵抗がエネルギーロスとなり、動力はあまり減らない。,○
30-6-2 遠心圧縮機の一つのケーシングの段数は、主に軸の危険回転数によって制約を受け、段数が多い場合は一次危険速度を超えて運転はできない。,×
30-6-3 多段往復圧縮機の2段の吐出圧力および吐出ガス温度が異常上昇したとき、2段の吐出中間冷却器の冷却水通水弁の開度と、3段の吸入弁および吐出弁を点検した。,○
30-6-4 給油式の往復圧縮機には、ラビリンスピストン式、ダイヤフラム式がある。,×
1-6-1 液化ガスの遠心ポンプのキャビテーションを避けるため、吸入貯槽の液温を上げることによりポンプの吸入圧力を上げた。,×
1-6-2 遠心ポンプの軸動力は、吐き出し管の絞り弁が全閉の時に最大となる。,×
1-6-3 遠心ポンプの取り扱い液の密度が上がると、駆動電動機の過負荷（オーバーロード）の可能性がある。,○
1-6-4 遠心ポンプは、揚程が低いものでは締切り起動・停止ができるが、軸流ポンプは、バイパスや可動羽根の採用などの対策を講じない場合には、締切り起動・停止ができない。,○
2-6-1 遠心圧縮機の吐き出し側の抵抗が大きくなったので、サージングを避けるためにバイパス管を閉じて回転数を上げた。,×
2-6-2 遠心圧縮機の定常運転時の回転数は、ロータの一次危険速度を超えてはならない。,×
2-6-3 往復圧縮機による空気の圧縮では、ラビリンスピストン式の無給油圧縮機が使用できる。,○
2-6-4 往復圧縮機の容量調整に使用されるバイパス方式は、遠心圧縮機でも適用される。,○
3-6-1 遠心圧縮機の吐き出し側の抵抗が大きくなると、圧縮機の運転がサージング領域に入る可能性は低くなる。,×
3-6-2 連続的に吐出し風量の一部を吸込み間に戻すバイパスコントロールで吸込み温度が上昇する場合には、これを防止するために冷却器をバイパス管路に設ける方法がある。,○
3-6-3 遠心圧縮機の異常振動の主周波数がロータの回転数に等しい場合、振動の原因の一つとして、羽根車への汚れの付着が考えられる。,○
3-6-4 遠心圧縮機の一つのケーシングの段数は、主に軸の危険回転数によって制約を受け、段数が多い場合には数個のケーシングに分ける。,○
遠心ポンプのキャビテーションを避けるためには、吸入貯槽の液面を上げること、取り扱い液の温度を下げることが有効である。,○
遠心ポンプの水撃作用を防止するため、吐出し配管の逆止弁にバイパス弁を設けて圧力上昇を抑える方法がある。,○
脈動が発生する往復ポンプでは、必要NPSHに対して利用できるNPSHの余裕は小さくすることができる。,×
往復ポンプの流量調整は、バイパス弁開度、回転速度（単位時間あたりの回転数）またはストローク長さの変更により行える。,○
H25-7-1 冬季になり吸込みガス温度が下がっても、回転数、圧力比が変わらなければ、駆動電動機の過負荷の心配はない。,○
H25-7-2 炭酸ガス（分子量44、比熱容量の比1.31）用圧縮機の試運転を空気（分子量29、比熱容量の比1.4）にて行うが、回転数、吸込み温度、圧力比が同じ範囲であれば、駆動電動機の過負荷の心配はない。,×
H25-7-3 多段圧縮機の2段の冷却器の出口側温度が異常上昇したので、1、2段の冷却器および2段の吸込み弁、吐出し弁も点検した。,○
H25-7-4 容量調整方法の一つである吸込み弁アンローダ方式は、シリンダに設けられたクリアランスボックスの弁を開閉し、すきま容積を変化させて流量調整を行う。,×
H27-7-1?遠心ポンプの軸動力は、流量が増加するほど大きくなるが、軸流ポンプの軸動力は、締め切り運転時に最大になる。,○
H27-7-2?プランジャポンプは容積型で、弁の開閉により液体を吸い込み圧送するものであるが、NPSH（有効吸い込み揚程）を考慮しなければならない。,○
H27-7-3?遠心ポンプを分解点検したとき、羽車とケーシング内面にエロージョンが見られたので、原因として水撃作用（ウォータハンマ）を取り上げ、対策を講じた。,×
H27-7-4?送水配管の水撃作用（ウォータハンマ）の発生を防止する対策の一つとして、遮断弁の開閉時間が長くなるようにした。,○
H26-7-1 火災・爆発による環境汚染を未然に防止するにはマネジメントシステムを構築し、環境に対する管理を行うことが重要であり、環境保全に特化したシステムがレスポンシブル・ケア（RC）である。,×
H26-7-2 災害・事故件数の推移をみると、昭和40年代の設備の新設、大型化に伴い、その件数が増加したが、その後の新たな規制法の施行、技術の進歩により、事故件数は現在に至るまで着実に減少している。,×
H26-7-3 災害・事故を防ぐには認知確認ミス、誤操作などの人が関係するミスを少なくし、あわせて設備の点検を十分行って、機器材料の劣化・腐食の早期発見に努めることが有効である。,○
H26-7-4 災害・事故の教訓として、ハードおよびソフトを見直し、あらゆるケースに対応できる保安管理システムを確立しておくとともに、このシステムに基づき、全従業員に対し教育や訓練を通じて、保安管理を意識及び行動の両面で徹底させることが重要である。,○
H28-7-1?環境基準は、人の健康を保護する観点から特定の物質について定められているが、連続測定機により常時モニタリングが行われているものはない。,×
H28-7-2?化学物質を扱う化学産業では、環境保全、保安防災、化学品安全、労働安全衛生および物流安全の全分野を一体とした総合管理が重要である。,○
H28-7-3?高圧ガス災害・事故の原因として、設備の設計及び製作の不良、設備の維持管理の不良、ヒューマンファクターなどがある。,○
H28-7-4?災害や事故は、その主な原因である認知確認ミス、誤操作、誤判断など、人が関係するミスをなくすことができればほとんど防止できる。,×
H29-7-1?事故防止のため、事業者は設備メーカーに点検整備を依頼するに当たって、保守管理にかかわる役割分担を明確にし、安全性に対し漏れがないようにした。,○
H29-7-2?事業活動に伴って発生する大気汚染の原因となる有害な物質には、ばい煙、粉じん、特定物質があるが、それぞれの規制措置はない。,×
H29-7-3?温室効果は物質によって異なり、大気中の存在濃度と地球温暖化係数によって温室効果の寄与度が算出される。,○
H29-7-4 ISO14001の環境マネジメントシステムにおける環境方針は、経営者が環境保全を継続的に改善していくことを示す重要な社内情報であり、一般の人が入手することはできない。,×
30-7-1 成層圏のオゾンは有害な紫外線を吸収して、それが地表面に届くことを防いでいる。地上で排出された塩素、塩化水素は成層圏に到達してオゾンを破壊する。,×
大気環境基準に定められている物質のうち、一酸化炭素は、連続測定機による常時モニタリングが行われている。,○
30-7-3 ベンゼンは、長期暴露による発がん性を有するが、揮発性有機化合物ではなく、有害大気汚染物質には含まれない。,×
30-7-4 最近の高圧ガス関係の災害・事後の原因を分析した結果では、腐食管理不良、検査管理不良などの設備の維持管理不良による原因が全体の約半数を占めている。,○
1-7-1 大気汚染の原因となる有害な物質であるばい煙は、4種類に区分され、それぞれに排出基準が定められている。,○
1-7-2 浮遊粒子状物質は、大気環境基準で1日平均値が定められており、月1～2回の24時間測定が行われている。,×
1-7-3 温室効果は、大気のガス成分が地表からの赤外線を吸収し、再び地表および大気に返すために生じる。亜酸化窒素（N2O）は温室効果ガスの一種である。,○
1-7-4 高圧ガス災害事故は、その主な原因である、設備の設計、製作の不良、設備の維持管理の不良など、設備に関係するものをなくすことができれば、ほとんど防止できる。,×
2-7-1 大気環境基準で1時間値が定められている二酸化硫黄は、常時モニタリングが行われ、年平均値が定められているベンゼンは月1～2回の24時間測定が行われる。,○
2-7-2 温室効果の寄与度の算出に使用される温室効果ガスの地球温暖化係数は、各温室効果ガス1kgの一定期間における温室効果を二酸化炭素を1として表したものである。,○
2-7-3 化学物質を扱う化学産業では、環境保全、保安防災、化学品安全、労働安全衛生、および物流安全の全分野を一体とした総合管理が重要である。,○
2-7-4 最近の高圧ガス災害・事故の原因割合では、設備の維持管理の不良より、設備の設計および製作の不良の方が多い。,×
3-7-1 化学物質の審査及び製造等の規制に関する法律では、環境を経由して人に健康影響を及ぼす恐れのある化学物質を規制している。,○
3-7-2 大気環境基準では、人の健康を保護する観点から特定の物質について、連続測定機による常時モニタリングが行われている。,○
3-7-3 ISO14001は、環境マネジメントシステムの仕様を定めた規格であり、レスポンシブル・ケア（RC）の環境保全分野とは重なってはいない。,×
3-7-4 最近の高圧ガス災害事故は、その主な原因である設計不良、製作不良、施工管理不良など設備の設計、製作に関するミスをなくせばほとんど防止できる。,×
温室効果ガスである二酸化炭素、メタン、亜酸化窒素、CFC-12（フルオロカーボンの一種）のうち、地球温暖化係数がもっとも大きいのはCFC-12 である。,○
大気汚染防止法において、特定施設から発生する特定物質として、アンモニアは規制されているが、二酸化窒素は規制されていない。,×
レスポンシブル茜ケア（RC）活動を推進するにはRC コードという基本的実施事項に従って行う必要があり、その構成のひとつに社会との対話コードがある。,○
最近（平成23～30年）の高圧ガス災害事故の原因割合では、設備の維持管理の不良が最も多く、次いでヒューマンファクター、設備の設計製作の不良の順で多い。,×
H25-8-1 2Bの高圧バルブのボディーフランジに、メタルジャケットガスケットを使用しているものを用いた。,○
H25-8-2 フランジボルトの締め付け管理方法の一つに、ボルトの伸びを超音波軸力計で測定しながら締め付ける方法がある。（伸び測定法）,○
H25-8-3 高温配管でホットボルティングを省略するために、金属リングガスケットを使用した。,×
H25-8-4 細長い円筒状のピンホールなどから気体または液体が少量漏洩する場合は、漏洩量はピンホールの穴径の4乗に比例し、穴の長さに反比例する。,○
H26-8-1 継手からのガスの漏れ量（体積流量）は、圧力が高いガスほど、密度が高いガスほど、粘度が大きいガスほど大きくなる。,×
H26-8-2 継手などの漏れ止め機構を総称してシールというが、シール材のうち一般的に、静止接合面に挿入するものをガスケット、往復運動や回転運動の摺動部に使用するものをパッキンと呼んでいる。,○
H26-8-3 細長い円筒状のピンホールなどから気体または液体が少量漏洩する場合、穴径が拡大していくと漏洩量は加速度的に増大するので、すぐに措置を講じることが大切である。,○
H26-8-4 ピンホール状ではなく相当に大きい破断口から漏洩する場合の漏洩量は、液体の場合では破断口の断面積の0.5乗に比例する。,×
H27-8-1 メカニカルシールについて、高速の遠心圧縮機では、周速がメカニカルシールの周速限界を超えることがあるので、若干のガス漏洩が許される場合には、一般にドライガスシールが使用される。,○
H27-8-2 メカニカルシールは、漏洩を完全に止めることができず、可燃性、毒性の液体には使用できない。,×
H27-8-3 メカニカルシールは、端面密封方式で、軸に直角にセットされる部品であり、振動に強い。,×
H27-8-4 遠心ポンプに用いられるメカニカルシールの冷却、潤滑方法のうち、フラッシングは熱を除去するとともに、摺動面に異物や不純物が停滞することを防ぐ働きも兼ねている。,○
H28-8-1 フランジ継手においては、内圧が上昇するとボルトが伸びてガスケットに残る圧縮荷重が小さくなり、ある限界値以下になると流体は漏れ始める。,○
H28-8-2 細長い円筒状のピンホールなどから気体が少量漏洩する場合、漏洩量はピンホールの穴径の2乗に、また圧力差に比例し、穴の長さに反比例する。,×
H28-8-3 金属リングガスケットは変形後の復元力が小さいので、高温配管に使用するときは、座屈を避けるためにホットボルティングを行ってはならない。,×
H28-8-4 往復圧縮機の軸封装置に用いられるラビリンスシールは、ケーシングの内周にラビリンスを切ったリングをピストンロッドとごくわずかな隙間を保ち、数組挿入する形式が一般的に用いられる。,○
H29-8-1?細長い円筒状のピンホールから気体が少量漏洩する場合、漏洩量はピンホールにかかる内外圧力差の二乗に比例する。,×
H29-8-2?ピンホール状ではなく相当に大きい破断口から液体が漏洩する場合、漏洩量は破断口にかかる内外圧力差の0.5乗に比例する。,○
H29-8-3?バルブのグランドパッキンの材質には、カーボン、フッ素樹脂などの繊維、黒鉛を主材とし潤滑剤で表面処理したものがある。,○
H29-8-4?ボルトの締め付け管理法のうち、ボルトの伸びを超音波軸力計や伸びゲージなどで測定しながら締め付ける方法をテンション法という。,×
30-8-1 相当大きな破断口から液体が漏洩する場合の漏洩量は、流出係数および破断口にかかる内外圧力差（液頭）に正比例する。,×
30-8-2 高温、高圧の場合、塔・槽のフランジガスケットにジョイントシート、渦巻型ガスケット、金属リングガスケットが用いられる。,×
30-8-3 毒性の液体を取り扱う遠心ポンプの軸封装置にメカニカルシールを選定した。,○
30-8-4 フランジの漏洩防止には、内容物および使用圧力・温度に応じたガスケットの材質・形状の選定、配管の振動に対する振れ止めの施工などがある。,○
1-8-1 細長い円筒状のピンホールなどから気体または液体が少量漏洩する場合は、漏洩量はピンホールの孔径の4乗に比例し、孔の長さに反比例する。,○
1-8-2 ガスケット係数は、流体の漏れを防止できる最小必要残留圧縮応力の内圧に対する比をいい、ガスケットの材質と構造により決定される数値である。,○
1-8-3 遠心圧縮機のオイルフィルムシールは、漏洩を完全に止めることができず、可燃性、毒性の気体には使用できない。,×
1-8-4 圧縮機のラビリンスシールは、高圧の気体が狭い隙間から広い隙間へ流れ出るごとに、逐次圧力を失い、気体の流れを生じる圧力勾配を小さくし有効に漏れを止めようというものである。,○
2-8-1　貯槽において、ピンホールに比べて相当に大きい破断口から液体が漏洩する場合、漏洩量[m3/s]は、破断口の断面積[m2]に正比例し、破断口にかかる内外圧力差（液頭）[m]の1/2乗に比例する。,○
2-8-2 自己緊密式のガスケットは、内圧の上昇に伴い、それに見合うガスケットの面圧が生じ、自己締め付けを行う構造になっているので、超高圧装置のフランジに使用されている。,○
2-8-3 遠心圧縮機の軸封部に用いるドライガスシールは、軸とシール部材が常に非接触のためシールの摩耗は発生せず、異物の影響を受けにくい。,×
2-8-4 メカニカルシールは、端面密封方式で軸に直角にセットされている精密な部品なので、振動には弱く、漏れ出したら止めることができないので早めの処置が必要である。,○
3-8-1 ガスケット係数は、内圧が作用する前の初期締め付け応力の内圧に対する比をいい、ガスケットの材質フランジ継ぎ手の構造により決定される数値である。,×
3-8-2 金属リングガスケットはシール性能、強度に優れており、締付けによる変形後の復元力も大きく、高温・高圧配管でのホットボルティングを省略できる。,×
3-8-3 無給油式の往復圧縮機の軸封装置に使用されているピストンロッドパッキンには、主にカーボンまたはテフロンが用いられる。,○
3-8-4 低温液化ガス送液ポンプの軸封にメカニカルシールを用い、固定環を冷却し、エコライジングパイプによるガス抜きを行った。,○
"相当大きい破断口から液体が漏えいする場合、漏えい量は流出係数、破断口の断面積、破断
口にかかる内外圧力差に比例する。",×
"フランジ継手からの漏えいを防止するためには、内圧が作用してもガスケットには最小必要
圧縮力が残る必要がある。",○
オイルフィルムシールは、水素ガスのように大気中へのガス漏れが許されない遠心圧縮機の軸封装置には用いられない。,×
"遠心ポンプのメカニカルシールは、端面密封方式であり、しゅう動面（シール端面）は摩耗
するので一方をカーボン、他方に超硬合金を採用した。",○
H25-9-1 FTAは、事故発生原因となる複数の事象の組み合わせを解析することができ、また、事故の発生確率も計算することができる。,○
H25-9-2 ETAは、事故の拡大する確率を求めることができず、事故拡大防止対策の重要性を認識することに適していない。,×
H25-9-3 HAZOPは、操業条件の変化を定められた手引き用語に従って調べ、その変化の原因と結果および取るべき対策を表にまとめて検討する手法で、プロセス異常に対するイメージトレーニングのツールとしても有効である。,○
H25-9-4 FMEAは、評価対象の機器、システムを構成する部位に着目し、あらかじめ想定した故障モードを選択することにより潜在危険を洗い出す手法である。,○
H26-9-1 ダウ方式は、プラントを構成するそれぞれの機器のプロセス条件、危険性物質の保有量などに対し、評価点をつけて、機器、設備全体の危険度を算出する手法であり、危険性の絶対的な評価が可能である。,×
H26-9-2 FMEAで、評価対象部位の故障率データを取り入れた場合は、システムに致命的な影響を与える故障モードの定量的な評価が可能となる。,○
H26-9-3 HAZOPは、プロセスの安全対策の妥当性を確認して、不足している安全対策を探すのに有効な手法である。,○
H26-9-4 事故の発生確率をFTAにより算出し、爆風圧計算などにより事故による損失の程度を算出して、リスクの評価を行った。,○
H27-9-1 FTAは、事故発生に関係するあらゆる要因を明らかにするのに役立つが、各要因の事故に対する寄与の度合いを知ることはできない。,×
H27-9-2 HAZOPは、網羅的に検討を進めるので、プラントの潜在危険性を見落とす可能性が少ない手法であり、単一事象のトラブルの解析に適用する。,○
H27-9-3 ETAは、一つの引き金事象が、事故、災害に拡大する確率の推定が可能であるが、事故災害のすべての要因を網羅するものではない。,○
H27-9-4 What-Ifは、あらかじめチェックリストなどで機能喪失状況や故障を定めておけば網羅性を高めることができるが、複数の事象の組み合わせを想定することはできない。,×
H28-9-1?プラント全体のリスクアセスメントにおいて、プラントを類似条件のユニットごとに複数に分割し、個別にリスク評価を行った。,○
H28-9-2 FTAにより同定したハザードを最終事象とし、HAZOPによってハザードの発生確率を算出した。,×
H28-9-3?ガス拡散計算と火炎からの放射熱計算で、ハザードの影響評価を行い、経済的損失や被災者レベルを定量化した。,○
H28-9-4?ハザードの影響度と発生確率から定量化したリスクが許容されるレベルであったので、リスク低減対策の検討は不要と判断した。,○
H29-9-1 HAZOPは、対象設備について実施者が仮想した機能喪失があった場合に、設備が陥る状態を想定して対策を考える手法であり、仮想する条件をあらかじめ定めておけば、網羅性が高い。,×
H29-9-2 HAZOPは、複数事象の組み合わせに最も適した手法である。,×
H29-9-3 HAZOPは、FTAのトップ事象の選定にも用いられる手法である。,○
H29-9-4 HAZOPは、プロセス異常に対するイメージトレーニングにも有効であるが、解析に長時間を要する。,○
特性要因図は、事故とそれに影響していると思われる要因との関連を整理して、図に体系的にまとめた解析手法で、要因を分類し、どこに管理の重点を置いたらよいかを知るのに便利である。,○
FTAは、事故などを頂上事象として設定し、その事象を引き起こす原因を次々に掘り下げていく手法であり、設定した頂上事象の発生確率の推算はできない。,×
HAZOPは、設計などで意図した操業状態からの「ずれ」がどのような危険となるかを検討する手法であり、単一事象ではなく複数の事象が複合して起こる事故の解析に適用される。,×
FMEAは、機器、システムを構成する部位の故障を想定し、潜在危険を洗い出す手法であり、対象部位の故障率データを取り入れた場合は、システムに影響を与える故障モードを定量的に評価できる。,○
What-ifは、設備面、運転面でのハザードを特定し、機器故障や誤操作などの正常状態と異なった事象発生の影響を考えるのに便利であるが、複数の事象を組み合わせることはできない。,×
HAZOP、FMEAは化学プラントのリスクアセスメントにおいてハザードの特定に用いることができる手法である。,○
FTA、ETA、は機器の故障確率やヒューマンエラーの発生確率などのデータを使用すれば、事故の発生確率を算出できる手法である。,○
特性要因図は、問題とする特性に影響していると思われる要因相互の因果関係を明確に把握し、管理の重点化すべきところを知るのに便利な手法である。,×
Wha-ifは、機器故障などの正常状態と異なった事象発生の影響を考える手法であり、複数事象の組み合わせを想定することはできない。,×
プラントのスタートアップ操作におけるハザードを特定するのに、連続系HAZOPのガイドワードに加えて、タイミングと時間に関するずれを想定するためのガイドワードを追加して解析を実施した。,○
FTAは、事故を発生させる複数の要因の組み合わせを解析することができ、また、事故の発生確率も推定することができる。,○
ETAは、ある引金事象がどのような結果を引き起こしうるかを、樹木の枝分かれ式に追求し分析する手法であり、引金事象が事故に拡大する確率の推定も可能である。,○
What-ifは、ハザードの特定において、正常状態とは異なった事象発生の影響を考える手法として、用いることができる。,○
FTAで事故の発生確率を算出する場合、安全弁設置による確率の低減は算入しない。,×
ETAで、一つの小規模トラブルが事故に拡大していくシナリオを作成し、シナリオに沿って、機器の故障などの確率を使用して、その事故の発生確率を推定した。,○
FMEA は、機器を構成する部品の管理方法の見直しには適用できない。,×
リスク解析の手法のうち、FTAは結果（事故）から原因にさかのぼる方向で解析を進めるのに対し、HAZOPは原因から解析を進める方向の異なった手法であるため、同一の設備について両手法を併用してのリスク解析は避けるべきである。,×
リスクの見積りにあたり、ETAで冷却ポンプが停止した場合に発生する事故の発生確率を推算するのに、異常を知らせる警報装置や、インターロックなどの安全装置は設置されていないものとして計算した。,×
FMEA で、システムを構成する機器に考えられる故障モードを定量的に評価し、また、FMEA をFTAでの頂上事象に関係する構成基本事象の選択にも利用した。,○
製造設備の反応器において、撹拌機が故障したり、冷却水が停止した場合などの異常を想定し、それぞれの影響・結果をWhat-ifで解析して必要な安全対策を検討した。,○
25-10-1 油入防爆構造での点火源となる部分を納める絶縁油の温度は、対象とする爆発性ガスの発火温度に対応して定められた値を超えないようにする必要がある。,○
25-10-2 最大安全隙間は、ガス固有の値であり、この値は内圧防爆構造の電気機器の選定に用いられる。,×
25-10-3 最小点火電流は、爆発性ガスの種類によって異なり、この値は本質安全防爆構造の電気機器の選定に用いられる。,○
25-10-4 爆発危険箇所の区分を検討する場合、爆発性ガスの存在確率は、そのガスの放出源からのみ決定されるものである。,×
26-10-1 静電気の発生による帯電機構には、摩擦、混合・攪拌による帯電のほか、滴下帯電、粉砕帯電など多くの過程があり、電荷の供給がなくなれば、電荷は減少していく。,○
26-10-2 帯電物質の放出エネルギーは、物質の導電率が小さくなるほど放電の直前に持っていた静電エネルギーに近くなる。,×
26-10-3 帯電物質の静電エネルギーは、電荷量と物質の静電容量の積に比例する。,×
26-10-4 タンクに導電率の小さい液を流入させる場合、タンクが金属製で接地が施されていても、液の帯電を緩和するには液の導電率、容積に応じた静置時間が必要である。,○
27-10-1 導電性の液体が配管中を乱流で流れる場合、流動による帯電量は、流速の他に配管径の影響も受ける。,○
27-10-2 帯電物質からの放電エネルギーは電荷量の2乗に比例し、帯電物質の電気伝導率に反比例する。,×
27-10-3 体積抵抗率の大きな液体を静電設置が施された導電性のタンクに貯液する場合、タンク流入直後では、流入時に発生した静電気によりタンク中央部は壁面に比べて液体の電位は高くなりやすい。,○
27-10-4 外部雷保護システムにおける避雷接地は、接地抵抗値を極力小さくするとともに被保護物とその周辺の設置電位を一様にすることが重要である。,○
28-10-1 通常の状態において、爆発性雰囲気がしばしば発生する可能性のある電気機器の設置場所は、第二類危険箇所である。,×
28-10-2 耐圧防爆構造の容器は、内部保護ガスの圧力に耐え、内圧低下時の保護装置を備えていなければならない。,×
28-10-3安全増防爆構造は、正常運転時において対象とする爆発性ガスの点火源とならない電気機器に対して適用される。,○
28-10-4 本質安全防爆構造とは、正常時及び故障時において、対象とする爆発性ガスの点火源とならないことを公的機関が確認したものである。,○
29-10-1 帯電物質からの放電で可燃物が発火する災害発生限界の帯電電位は、帯電物質の体積抵抗率に反比例する。,×
29-10-2導体のタンクに静電気が帯電しやすい液体を貯蔵する場合、静電気の帯電を緩和するために設ける静置時間は、貯蔵容量と貯蔵液体の導電率を考慮して決められる。,○
29-10-3 静電気の発生を抑制する方法として、流体中の夾雑物の除去などがあり、静電気の緩和、除去を促進する方法として、湿度を上げることなどがある。,○
29-10-4 体積抵抗率が大きな物質は、体積抵抗率が小さな物質に比べ、設置をしても帯電した電荷は逃がしにくい。,○
30-10-1 耐圧防爆構造は、周囲の爆発性ガスの最小点火電流値によって分類されている。,×
30-10-2 安全増防爆構造は、周囲の爆発性ガスに点火することがないように電気回路の消費エネルギーを制御したもので、適用は計測機器の発振器のような弱電機器に限られている。,×
30-10-3 内圧防爆構造は、電気機器を収納する容器内に保護期待を封入したもので、容器内の圧力が所定の圧力以下になった場合に作動する保護装置が必要である。,○
30-10-4 樹脂充填防爆構造は、電気機器を構成する部分であって、火花、アークを発するもの、または、高温部を樹脂の中に納めることにより点火しないようにした構造である。,○
1-10-1 静電気が発生してもそれ以後に電荷の供給がなければ、物質中の電荷の中や外部への導電によって電荷は減少していき、湿度が高いと電荷の減少が促進される。,○
1-10-2 帯電物質の火花放電で放出するエネルギーは、導電率が異なっていても帯電電位が同じであれば、同じ大きさとなる。,×
1-10-3 石油製品などの可燃性液体を金属製タンクに貯蔵するとき、静電気の帯電を緩和させるための静置時間は、導電率が小さな液体ほど長くする。,○
1-10-4 配管などの金属導体同士をボルトで接続した場合は、電気的にはボンディングしたのと同じ効果が得られている場合もある。,○
2-10-1?耐圧防爆構造は、内部で発生した爆発に耐え、かつ、火炎が外部に伝播しない容器の中に、着火源となる電気機器を収容した構造で、最小点火電流値により分類されている。,×
2-10-2?爆発危険箇所における非点火防爆構造の設置は、第二類危険箇所に限定されている。,○
2-10-3?無停電電源装置（UPS）は、常用電源を直流に変換して蓄電池に充電するとともに、再度交流に変換して電力を供給する。,○
2-10-4?非常用電源に供する蓄電池の容量は、非常用発電設備が設置されている場合は、その起動までの時間、設置されていない場合は、常用電源が回復するまでの総定時間から決定する。,×
静電気が帯電した液体を、静電接地された金属製の貯槽に静置した時の液体の電荷は、導電率が高い液体ほど早く減少する。,○
帯電した物質が一度で放電するエネルギーは、放電直前にもっていた静電エネルギーが同じ場合には、導電率が低いほど大きくなる。,×
可燃物を取り扱う作業者の、火災・爆発の災害発生限界の帯電電位は、可燃物の最小発火エネルギーと作業者の静電容量から計算することができる。,○
外部雷保護システムにおける避雷接地は、接地抵抗値を極力小さくするとともに被保護物とその周辺の接地電位を一様にすることが重要である。,○
耐圧防爆構造および内圧防爆構造は、電気機器を収納する容器内部で爆発が起こっても、外部の爆発性ガスに点火しないようにした仕組みである。,×
油入防爆構造および樹脂充てん防爆構造は、電気機器の点火源と、爆発性ガスが直接接触しないようにした仕組みである。,○
絶縁物を介する継ぎ手で接続されている金属配管は、ボンディングや金属ボルトでの接続などで電気的に同電位にすることができれば、複数の配管をまとめて一か所に静電接地を施すことも可能である。,○
保安接地は、電気機器の外箱の大きさに応じて規定された接地抵抗値とする必要がある。,×
25-11-1 ばね式安全弁は、内圧がばねの力より大きくなると弁体が上がり内部流体を放出して圧力を降下させ、内圧が降下してばねの力のほうが大きくなると閉じるようになっている。,○
25-11-2 破裂板には、金属製またはグラファイト製のものがあり、ばね式安全弁と比較して吹き出し抵抗が大きく、高粘性や固着性の流体に適していない。,×
25-11-3 大気圧付近の圧力で取り扱う低温の液化ガス貯槽の負圧防止対策としてほかの貯槽からの均圧管を設置した。,○
25-11-4 溶栓式安全弁に用いられる溶栓は、ビスマス、カドミウム、鉛、スズなどを主成分とする合金で、規定以上の温度になると溶融するものが使用されている。,○
26-11-1 ばね式安全弁のリフト形式のうち、全量式は弁座流路面積が、弁体と弁座の当たり面より下部にあるノズルののど部の面積より十分大きいものとなるようなリフトが得られる形式である。,○
26-11-2 破裂板は、ばね式安全弁に比べて、防食処理が容易であり、腐食性流体に適している。,○
26-11-3 圧縮機のバイパスラインを使用して、吐き出しガスをその吸い込み側に戻す方式の自動圧力制御装置では、吸い込み量の約半分までの量を戻す容量であればよい。,×
26-11-4 液体を移送する長距離配管に緊急遮断弁を設置するときには、ウォータハンマの発生を防止するために、弁の閉止に要する時間が短すぎないようにする。,○
27-11-1 ばね式安全弁のリフト形式は、揚程式と全量式に分けられ、揚程式はリフトが弁座口の径の1/40以上1/4未満で、弁体が開いた時の流路面積の中で弁座流路面積が最小となる形式である。,○
27-11-2 破裂板は、構造が単純で吹き出し抵抗が小さく、取り扱い、点検が容易であるが、腐食性、固着性の流体には適していない。,×
27-11-3 容器に設ける安全弁は、車両に固定した容器ではばね式のもの、一般高圧ガスの容器では破裂板式、溶栓式のものが一般に使用される。,○
27-11-4 弁体が流体の排圧によって逆流を防止するように作動するバルブを逆止弁といい、リフト逆止弁、スイング逆止弁などがある。,○
28-11-1 圧縮機のバイパスラインを使用して吐き出しガスをその吸い込み側に戻す方式の自動圧力制御装置では、吸い込み量の全量を戻すことができる容量が必要である。,○
28-11-2 屋外の窒素ガス貯槽に、開放型ばね式安全弁を設置した。,○
28-11-3 ばね式安全弁は、破裂板に比べて高粘性流体に適していないが点検が容易である。,×
28-11-4 破裂板は、ばね式安全弁に比べて防食処理が容易であり、破裂するまで交換の必要がない。,×
29-11-1 ばね式安全弁が設置できない設備に、急激な圧力上昇に対する安全装置として、破裂板を設置した。,○
29-11-2 配管に取り付けるばね式安全弁の入口配管は、内容物にかかわらず、配管の下側から取り出す。,×
29-11-3 液体の長距離配管に緊急遮断弁を設置する場合は、瞬時に弁が閉止するようにする。,×
29-11-4 ガス火災で消化困難な場合には、火災により加熱される装置を散水冷却して二次的な火災を防止することが重要である。,○
30-11-1 ばね式安全弁のうち、揚程式安全弁は、弁座流路面積が弁体と弁座との当たり面より下部にあるノズルののど面の面積より十分大きなものとなるようなリフトが得られる形式である。,×
30-11-2 破裂板は、製作ロットごとに決められた数を試験して、その作動圧力を確認する措置などがとられた上で使用される。,○
30-11-3 破裂板は、ばね式安全弁に比べると、高粘性流体に適しているが、異常圧力の上昇速度が大きい場合に対応できない。,×
30-11-4 緊急遮断弁の定期的な作動チェックや弁座漏れ検査を運転中に行えるように、バイパス弁を設置することがあるが、通常運転時には確実に閉止しておく。,○
多段式往復圧縮機全体の保護のために、往復圧縮機の最終段の出口配管のみに、ばね式安全弁を設置した。,×
貯槽の元弁に近接して取り付けた緊急遮断弁を、地震発生時に貯槽の揺れの影響を受けないように、貯槽本体とは別の基礎に設置した。,×
計装用空気を使用する緊急遮断装置に、緊急時に弁が確実に作動するように計装用空気溜を設け、作動に必要な計装用空気を確保した。,○
可燃性の液化ガス貯槽の負圧防止対策として、圧力計、圧力警報設備および同種の液化ガス貯槽からのガス導入配管（均一管）を設置した。,○
全量式のばね式安全弁は、弁体と弁座の当たり面より下部にあるノズルののど面の面積より、弁座流路面積が十分大きくなるようなリフトが得られる。,○
破裂板は、負圧による容器の破損を防止する目的では使用できない。,×
逃し弁の出口配管の圧力損失は、規定吹き出し量算出式における排圧に見合う値以上にしないよう考慮する必要がある。,○
緊急遮断弁の閉止時に発生するウォータハンマの衝撃の強さは、長距離配管より短距離配管の方が大きい。,×
可燃性ガスの貯槽に、密閉型ばね式安全弁を取り付けた。,○
破裂板は、ばね式安全弁に比べ防食処理が容易であり、破裂するまで交換の必要がない。,×
貯槽の元弁に近接して取り付けた緊急遮断弁を、地震発生時に貯槽の揺れの影響を受けないように貯槽本体とは別の基礎に設置した。,×
遠心圧縮機の吐出しガスを吸込み側に戻す自動圧力制御装置を、圧縮する吐出しガスの全量を戻せる容量とした。,○
ばね式安全弁のうち、揚程式安全弁は、弁体が開いたときの流路面積の中で弁座流路面積が最小となるリフト形式である。,○
破裂板は、ばね式安全弁に比べ、内部圧力を降下させるまでの時間は短いが、高粘性、固着性の流体には適さない。,×
弁体が流体の背圧によって逆流を防止するように作動するバルブを逆止弁といい、リフト逆止弁、スイング逆止弁、ボール逆止弁などがある。,○
緊急遮断弁の閉止時にウォータハンマが発生した場合、その衝撃の大きさは、弁の径、その上流側の配管の長さ、流体の流速および質量にほぼ比例し、弁の閉止時間に反比例する。,○
25-12-1 接触燃焼式と半導体式のガス漏洩検知警報設備は、検知素子の電気抵抗値が、可燃性ガスなどの濃度により変化する原理を利用している。,○
25-12-2 アンモニアガスを大気に放出するための除外設備として、苛性ソーダ水溶液を用いる吸収塔を設置した。,×
25-12-3 フレアースタックから発生する黒煙、騒音などを低減するため、エレベーテッドフレアーではなくグランドフレアーを採用した。,○
25-12-4 フレアースタックで燃焼速度の大きいガスを処理する場合は、逆火が起こりにくい。,×
26-12-1 塩素ガスをベントスタックから放出するため、水吸収塔を設置した。,×
26-12-2 エレベーテッドフレアスタックから放出するガス流速が、ガス固有の燃焼速度に比べて過大になると逆火現象が起きる。,×
26-12-3 エレベーテッドフレアスタックでスチーム吹込み量を増加させると、空気が吸引され燃焼効率が向上するとともに、水性ガス反応により黒煙の発生が抑制できる。,○
26-12-4 定電位電解式ガス漏洩警報設備は、一酸化炭素、硫化水素の測定に適している。,○
27-12-1 亜硫酸ガスの除害剤として水は適さない。,×
27-12-2 ベントスタックから放出するガスの着地濃度を小さくするため、スタック径を大きくし放出ガス流速を小さくした。,×
27-12-3 ガス漏洩検知警報設備の応答時間のテストを、サンプリング部と検知部だけでなく指示警報部とも組み合わせて実施した。,○
27-12-4 スチームカーテンは、漏洩ガスの流れを遮断するとともに、漏洩ガスを希釈する効果もある。,○
28-12-1 不活性ガス中の可燃性ガスを接触燃焼式ガス検知器で測定する場合は、測定精度が落ちるため空気を混入させてはならない。,×
28-12-2 水溶性で毒性のある液化ガスが漏洩した場合、水によって希釈し、ガスの分圧を下げる措置は、拡散防止に有効である。,○
28-12-3 炭化水素をエレベーテッドフレアーで燃焼させる場合、水素が含まれていると、火炎の安定域が広くなる。,○
28-12-4 エレベーテッドフレアーで、浮上りと逆火の起こる流速は、燃焼速度の大きいガスほど大きい。,○
29-12-1 エレベーテッドフレアーの安定燃焼のため、噴出ガス流速を燃焼速度より大きくし、かつ、マッハ数が0.2程度になるように設計した。,○
29-12-2 接触燃焼式および半導体式のガス漏洩検知警報設備では、不活性ガスを検出することはできない。,○
29-12-3 毒性ガスのうち、アンモニアと亜硫酸ガスには、除害剤として大量の水が使用できる。,○
29-12-4 スチームカーテンは、漏洩したガスの流れを遮断する効果はない。,×
半導体式ガス漏洩検知警報設備は、金属酸化物半導体の電気抵抗値がガスの濃度に応じて変化する現象を利用するもので、不活性ガスを含むすべてのガスの検知が可能である。,×
ガス漏洩検知警報設備は、金属酸化物半導体の電気抵抗値がガスの濃度に応じて変化する現象を利用するもので、不活性ガスを含むすべてのガスの検知が可能である。,○
スチームカーテンは、漏洩した可燃性ガスを付近の加熱炉などと遮断したり、漏洩ガスを希釈する効果があり、上方噴射の場合は拡散させる効果も期待できる。,○
エレベーテッドフレアースタックにガス流量に見合ったスチーム吹込み量を自動的に調整するシステムを設置し、黒煙と火炎息継ぎの防止対策とした。,○
接触燃焼式ガス漏洩検知警報設備は、検知素子である白金コイルの電気抵抗が燃焼反応により増大することを利用したもので、爆発下限界以下の濃度の可燃性ガスには適用できない。,×
ガルバニ電池式ガス漏洩検知警報設備で酸素を測定する原理は、検知ガス中の酸素が電解液中へ溶解すると、電極間に溶存酸素濃度に比例した還元電流が流れることを利用したものである。,○
ガス漏洩検知警報装置に関して、ポンプのメカニカルシール部のように漏洩しやすい場所のガスサンプリング方式は、吸引型の方が拡散型よりも測定が確実である。,○
フレアースタックから発生する黒煙、騒音などを低減するため、エレベーテッドフレアーではなく、グランドフレアーを採用した。,○
ガス漏洩検知警報設備における隔膜イオン電極式は、検知ガスが隔膜を透過して内部液に溶解して生じたイオンが、イオン電極に作用して発生する起電力を測定するものであり、アンモニアやシアン化水素の検知に適用できる。,○
液化ガス貯槽の防液堤内の雨水を外部に排出するため、防液堤外において操作できる排水弁を設置し、常時開とした。,×
フレアースタックのフレアー装置の逆火防止対策を目的として、流入経路にシールドラムを設置した。,○
塩素ガスの除害設備として、カセイソーダ水溶液を用いる吸収塔を設置した。,○
地震の加速度を測定するのに、落球型感震器を設置した。,×
半導体式のガス漏洩検知警報設備は、半導体を加熱して、これに触れる可燃性ガスの濃度により半導体の電気抵抗値が変化する現象を利用したもので、低濃度のガス検知に優れている。,○
スチームカーテンには、漏えいした可燃性ガスを加熱炉など火気を取扱う機器から遮断したり、希釈したり、拡散させたりする効果がある。,○
塩素の除害用に、消石灰を微粉化したものを加圧して散布する装置がある。,○
接触燃焼式は、ホイートストンブリッジに組み込まれた白金コイル表面上で検知ガスの接触燃焼反応が起こり、電気抵抗値が増大することを利用したもので、可燃性ガスの測定に適している。,○
半導体式は、加熱された金属酸化物半導体に測定ガスが触れると、金属酸化物の電気抵抗値が変化することを利用したもので、可燃性ガス、不活性ガスのすべてのガスを検知することができる。,×
隔膜イオン電極式は、検知ガスが隔膜を透過して内部液に溶解し、イオン化することで発生する起電力を利用したもので、毒性ガスの測定に適している。,○
ガルバニ電池式で酸素濃度を測定する場合は、検知ガス中の酸素が電解液中に溶解すると濃度に比例した還元電流が発生することを利用している。,○
25-13-1 配管のラインアップ時に安全弁などが取り付けられていること、安全弁の元弁が「開」で封印されていること、仕切り板が取り外されていることなどを２人で確認した。,○
25-13-2 遠心圧縮機では、吐き出し圧力が上昇すると流量が低下し、サージングが起こることがある。,○
25-13-3 流体が液体である配管のバルブを閉止するときに発生する衝撃の大きさは、バルブの径、その上流側の配管の長さ、流速、密度に反比例する。,×
25-13-4 ガス火災では、いったん消化しても漏洩が続く限り二次災害を引き起こす危険があるため、ごく小規模の火炎（開放空間に限る）以外は消火せずに周囲への散水冷却を行い、並行して漏洩量を減少させる措置をとる。,○
26-13-1 加熱炉における加熱管では、管内のスケールが付着するところ、ロングフレームにより加熱されるところなどにホットスポットが発生しやすい。,○
26-13-2 貯槽に残留している温度の高い液化天然ガス（LNG）に温度が低いLNGを下部から注入することで、LNGが上下2液層に分化し安定な境界面を形成している場合、貯槽の壁面から熱の侵入によってロールオーバが起こることがある。,○
26-13-3 配管内の閉塞は、流体成分が反応して固形物を生成したり、流体成分のいずれかが氷結、凝固または析出するなど固体が配管内に蓄積して発生する現象で、流速による影響はない。,×
26-13-4 ウィーピングは、棚段塔の段液の液深が浅く、蒸気によって液が吹き飛ばされる現象である。,×
27-13-1 飛沫同伴（エントレインメント）は、塔内の蒸気速度が大きくなると、液滴が蒸気に同伴して上のトレイまで到達する現象であり、トレイの段効率低下の原因となる。,○
27-13-2 緊急時にすぐに高圧ガス製造設備の安全弁の元弁を操作できるように封印、施錠などを施さずに運転を開始した。,×
27-13-3 バルブの開閉に必要な標準トルクに見合う長さのハンドル回しを使用して、一人でバルブの操作を行った。,○
27-13-4 製造設備の運転中に地震が起こった場合は、液面で制御するシステムにおいては、液面のスロッシングによる影響を受けて運転に支障をきたすことがある。,○
28-13-1 安全弁の元弁は、安全弁が作動したときに閉止措置をするので施錠せず、かつ、ハンドル回しを近くにおいて確実な操作ができるようにする。,×
28-13-2 配管内の閉塞は、内部の流体が反応して固形物が発生したり、流体の温度条件によっては不純物としての水分などが凍結して発生する現象であり、流速による影響はない。　26-13-3と同じ,×
28-13-3 発熱反応を行わせる反応器内の触媒の充填が不均一な場合、また、加熱炉のチューブ内にスケールが付着して伝熱が阻害される場合にホットスポットが発生する恐れがある。,○
28-13-4 蒸留塔においてトレイ上の液深が深い場合または蒸気量が少ない場合、蒸気がトレイから断続的に吹き出し、段効率が低下することがある。,○
29-13-1 遠心ポンプが不安定な脈動を起こしており、所定の流量に達していない状態になっていたので、原因究明の一つの手段として吸い込み側の条件（液温、ストレーナーのつまり、液面など）を確認した。,○
29-13-2 毒性ガスが漏洩した場合に使用する呼吸保護具のうち、送気式マスクは、空気呼吸器に比べ機動的であるが使用可能時間の制約を受ける。,×
29-13-3 ヒューマンエラーによる誤操作などの防止には、人間個々の特性を考慮した対策だけでなく、職場において良好なコミュニケーションを維持することも重要である。,○
29-13-4 漏洩した水溶性の液化ガスの散水による拡散防止を行うにあたり、溶解熱による温度上昇を小さくするために大量の水を用いた。,○
流体が液体である配管の弁を閉止するときに配管や弁に衝撃を与えることがあり、その際に発生する衝撃の大きさは、弁の閉止時間に比例する。,×
遠心ポンプのキャビテーションは、液温が沸点に近い場合に液が気化することで発生し、羽根車の出口付近において生じやすい。,×
ブローイングは、塔の液量が少ない場合、または段液の液深が浅い場合、蒸気によって液が吹き飛ばされる現象で、多孔板トレイで発生する。,○
フランジからの漏れの発生に対して加圧下で増し締めを行う場合には、片締めを起こし、許容応力を超える締め付け力でボルトが伸び、かえって漏洩量が増加する危険がある。,○
ポンプの吸い込み側にあるストレーナが閉塞すると、液から分離したガスによりハンチング（不安定な脈動）を起こすことがある。,○
常温の液化石油ガスを常圧に近い容器に移送する場合に、急激なバルブ操作を行うと、容器に亀裂を生ずる危険性がある。,○
液化天然ガス（LNG）貯槽では、密度の小さいLNGが残留しているところに、密度の大きなLNGを下部から静かに注入すると、ロールオーバによって大量のガスを発生させることがある。,○
蒸留塔で起こるウィーピングは、塔の蒸気量が減少すると蒸気が出なくなり、段液だけが降下する現象で、泡鐘トレイで多く発生する。,×
計装パネルに設けた保安上重要なスイッチは、緊急時に直ちに操作できるように、カバーをかけてはならない。,×
塔内の蒸気速度が増加し、トレイの泡沫層が高くなり飛沫同伴量が増大し、ついには降下液が冗談に運ばれる現象を、フラッディングという。,○
ガス火災は、いったん消火しても漏洩が続く限り、再発火や爆発で二次災害を引き起こす危険があるため、開放空間におけるごく小規模の火炎以外は、消化してはならない。,○
ポンプの空引き現象とは、所定の揚程や流量に達せずにハンチングを起こす現象であり、ケーシング内に液が満たされず、気体が溜まったときに起こる。,○
運転開始前にフランジの締付けを適正に実施したが、運転後の温度上昇幅が大きいので、運転開始時の昇温過程でホットボルティングを実施した。,○
計装パネルに設けた保安上重要なスイッチは、緊急時に直ちに操作できるようにカバーをかけてはならない。,×
規定のハンドル廻しを用いてバルブを開けようとしたが、非常にかたく操作が困難だったので、運転管理責任者に報告した。,○
多孔板トレイで、塔の液量が少ない場合や段液の液深が浅い場合には、ブローイングが発生し、蒸気によって液が吹き飛ばされることがある。,○
液体が流れる配管のバルブを急激に閉止すると配管内に液柱分離が起こり、背圧があると真空部に液体が逆流し、衝突力が衝撃となって、構造破壊を起こすおそれがある。,○
塔のトレイ上の液（段液）の液深が深くなると、蒸気がトレイから断続的に吹き出し、段効率が高くなる。,×
ホットスポットは、発熱反応における反応器内の触媒充てんの不均一で発生することがあり、加熱炉の加熱管においては、スケールが付着して伝熱が阻害されることにより発生することがある。,○
常温の液化ガスを常圧に近い容器に移送する場合に急激なバルブ操作を行うと、噴出した液化ガスが蒸発して液温が沸点近くまで低下し、容器などにき裂を生じる危険がある。,○
25-14-1 状態基準保全（CBM）は、モニタリングシステムの構築や定期的な監視のための設備と工数が必要になるが、異常の早期発見に適している。,○
25-14-2 定期保全（時間基準保全TBM）は、設備が故障または要求された性能の低下をきたしてから計画的に整備または修理を行う方式であり、設備を寿命まで使い切るので費用が安い。,×
25-14-3 製造設備の異常は運転中でなければ発見しにくい場合があり、定期検査だけでは運転中の経時的変化を把握しにくいので、日常検査（OSI）はそれを補う役割がある。,○
25-14-4 あらかじめ想定される設備の異常や劣化の状態を的確に把握することによって、設備の健全性を総合的に診断する技術は、設備診断技術である。,○
26-14-1 磁粉探傷試験は、試験体の表面または表面近くにある欠陥の位置や形状を検出する方法であり、オーステナイト系ステンレス鋼などの非磁性体材料には適用できない。,○
26-14-2 浸透探傷試験は、肉眼では確認できない微細な表面欠陥を検出するのに最も広く用いられている方法であり、プラスチック、ガラス、セラミックスなどには適用できない。,×
26-14-3 火気工事は、可燃性ガスに対する遮断などの環境確保、消火器などの設置、溶接時の火花飛散防止処置、緊急時の措置などを条件に許可される。,○
26-14-4 入槽する際の空気による再置換に先立つガス置換完了時には、可燃性ガスは爆発下限界以下、毒性ガスは許容濃度以下であることを確認する。,×
27-14-1 工事内容を周知する場合、工事仕様書などの書面で示し、口頭で内容を補足するとともに、工事対象の設備を現地で関係者立会いの下で確認する。,○
27-14-2 電動機、ヒータなどの外部温度が極めて高い機器類を使用することも火気工事であり、周囲の可燃性ガスに対する遮断などの環境確保を図る必要がある。,○
27-14-3 設備を開放し、修理、検査などを行う場合には、他の部分からのガスの漏れ込みを防止するため、開放する部分の前後のバルブを閉止すればよく、仕切り板の挿入は必要ない。,×
27-14-4 槽内で作業をする場合、酸素欠乏症を防ぐには、自然換気の他、十分な換気を行えるようなブロワ、ファンなどの強制換気設備の設置が有効である。,○
28-14-1 製造設備は安全性、生産性、保全性などの観点により重要度ランクの分類が行われている。,○
28-14-2 保全方式のうち、時間基準保全（TBM）は設備の劣化傾向を連続的または定期的に監視、把握しながら設備の寿命などを予測し、次の整備の時期を決める方式である。,×
28-14-3 日常検査は、損傷要因、過去の検査データ、運転条件の変化、類似設備の事故情報などを参考にして検査内容を決める。,○
28-14-4 取り外して点検清掃した熱交換機などの機器は、単独での気密試験は必要なく、接続配管と接合したのち、ガスケット部、配管部などに漏洩のないことを確認する。,×
29-14-1 生産保全（Productive Maintenance）は、安全性を前提に生産目的に合致した保全を経営的な視点から実施するものであり、生産性を高めた、経済的な保全方式として取り入れられてきている。,○
29-14-2 状態基準保全で部品交換または修理を行う周期は、摩耗、詰まり、腐食、劣化などの要因を考慮して実績や同種設備の事例を参考に決める。,×
29-14-3 赤外線サーモグラフィは加熱炉の外面の温度分布を測定することで、内面に用いられているキャスタブル耐火物の剥離、脱落の診断に利用できる。,○
29-14-4 インターロック機構の定期検査の要点は、構成する遮断弁などの目視検査およびインターロック機構の作動検査を行い、円滑、確実な作動を確認することである。,○
TBM、CBMなどの保全方式の決定において、一つの製造施設内で機器ごとに異なる保全方式を用いてもよい。,○
毒性ガス貯槽の不活性ガス置換および空気による再置換を槽内作業の前日に実施し、ガス濃度が許容値以下であることを確認したので、朝からすぐに作業を開始した。,×
設備を開放し、修理、検査などを行うので、他の部分からのガスの漏れ込みを防止するため、仕切り版を挿入する代わりに配管自体を取り外し、非開放側の配管に閉止フランジを取り付けた。,○
工事内容を周知する場合、工事仕様書などの書面で示し、口頭で内容を補足するとともに、工事対象の設備を現地で関係者立会いの下で確認する,○
時間基準保全では、摩耗、詰まり、腐食、劣化などを考慮して、あらかじめ定められた周期ごとに部品交換または修理を行う。,○
時間基準保全や、状態基準保全などの保全方式の決定には、機器の重要度も考慮する必要がある。,○
工事における安全確認では、施工部分の状態が重要であり、工事の周囲の環境変化には注意する必要はない。,×
可燃性ガスや毒性ガスの置換に窒素ガスを用いることはできるが、水で置換を行うことはできない。,×
予防保全とは、設備が機能を停止するかまたは要求された性能を下回る前に計画的に設備を整備し、突発故障を防止する保全方法で、時間基準保全や状態基準保全はこれの1つである。,○
事業所全体の塗装計画と費用の大きな機器の更新について、年間の保全計画とは別に、長期の保全計画を作成した。,○
毒性ガスの貯槽で槽内作業を行うため、まず毒性ガスを窒素で置換し、その後空気で再置換したが、毒性ガスの濃度は窒素ガス置換後に測定したので、作業前には酸素濃度を測定してから入槽した。,×
事業所内において、溶接作業におけるアーク発生、ガス切断などの裸火は火気工事としての管理対象であるが、工事用簡易発電機の内燃機関の火気は管理対象には含まれない。,×
予防保全は設備が故障する前に計画的に設備を整備し、突発故障を防止することを目的とする方式で、時間基準保全や計画事後保全はこれに含まれる。,×
状態基準保全は、モニタリングシステムの構築や定期的な監視のための設備と工数が必要になるが、異常の早期発見に適している。,○
改良保全は、設備の性能や健全性、保全性などを向上させる目的で設備を改善する方式であり、機器設計上の改良点を提案する行為も含むことがある。,○
可燃性ガス貯槽の内部作業を実施するため、まず槽内の可燃性ガスを空気で置換し、酸素濃度を測定し、作業許可を得たのち作業を実施した。,×
設備の保全計画は、その設備の材質や構造、使用される環境や履歴だけでなく、予想される劣化損傷に対する理解をもとに立案する。,○
時間基準保全は、設備の劣化傾向を連続的または定期的に監視、把握しながら設備が故障するまでの時間を予測し、次の整備の時期を決める方式である。,×
ハンマ、グラインダの使用による火花は、火気工事として管理する対象ではないため消火器などの設置は必要ないが、火花の飛散防止対策を行う。,×
設備を開放し、その設備の中で人が作業を行う場合、開放する部分に接続されているバルブを閉止するだけでなく、開放する部分におけるバルブまたは配管の継手に仕切板を挿入するなどにより、設備の他の部分からのガスの漏れ込みを防止する。,○
25-15-1 工事業者への工事内容の周知に際しては、工事仕様書などの書面で示し、口頭で補足するとともに、関係者立会いの下で工事対象設備を現地で確認する。,○
25-15-2 事業所内において、溶接作業におけるアーク発生、ガス切断などの裸火は火気工事としての管理対象であるが、工事用簡易発電機の内燃機の火花は、管理対象には含まれない。,×
25-15-3 毒性ガスを扱う貯槽の中で作業を行うために、前日に窒素によるガス置換を行って毒性ガス濃度が許容濃度以下であることを確認し、当日は空気による再置換を行って、直ちに入槽した。,×
25-15-4 解放した設備の中で人が作業を行う場合は、開放部分の前後のバルブを閉止するだけでなく、バルブまたは継ぎ手に仕切り板を挿入して、設備の他の部分からのガスの漏れ込みを防止する。,○
26-15-1 時間基準保全（TBM）は、設備の劣化傾向を連続的または定期的に監視、把握しながら設備の寿命などを予測し、次の整備の時期を決める方式である。,×
26-15-2 製造設備の異常は、設備を止めて行う検査のみでは発見しにくい場合があり、これを補うものとして運転中検査（OSI）がある。,○
26-15-3 貯槽配管の緊急遮断装置は緊急時の遮断に重要な装置であり、定期保全は欠かせない。目視検査の他、作動検査とその緊急遮断装置にかかる貯槽の解放時などに弁座の漏れ検査を行う。,○
26-15-4 貯槽の配管に設けたバルブの定期検査において、耐圧性能および強度に支障を及ぼす減肉、劣化損傷などの有無の検査、および作動検査を行った。,○
27-15-1 保全方式は以下のツリーのように分類されており、機器、部品の重要度、経済性、故障予知技術の有無に応じて選択する。,○
27-15-2 改良保全(CM)は、設備の性能や健全性、保全性などを向上させる目的で設備を改善する方式であり、機器設計上の改良点を提案する行為も含むことがある。,○
27-15-3 製造設備の維持管理のために行う定期検査の方法の一つに、OSI（On Stream Inspection）と呼ばれる設備の停止中に行う検査がある。,×
27-15-4 浸透探傷試験は金属に限らず、プラスチック、ガラス、セラミックスなどにも適用でき、磁粉探傷試験は、オーステナイト系ステンレス鋼などの非磁性体材料には適用できない。,○
28-15-1 浸透探傷試験の浸透液および磁粉探傷試験の磁粉には蛍光性のものがあり、これらは赤外線を照射して観察する。,×
28-15-2 超音波探傷試験において音波の中でも波長の短い（周波数の高い）超音波を使用するのは、指向性が強く、欠陥による反射率が高く、欠陥の位置検出精度を高めるためである。,○
28-15-3 腐食減肉を想定した肉厚測定、割れおよび接合部不良を想定したガス検知または発砲液による検査は、配管および塔槽類の漏洩に対する診断・検査方法として有効である。,○
28-15-4 異物による配管の閉塞や弁の作動不良に対する診断方法としては、差圧測定のほかに、放射線透過試験も有効である。,○
29-15-1 浸透探傷試験の浸透液および磁粉探傷試験の磁粉には蛍光性のものがあり、これらは紫外線を照射して観察する。,○
29-15-2 放射線透過試験は、放射線が物質を透過する性質を利用した非破壊試験方法であって、ブローホールなどの溶接欠陥の検出に有効である。,○
29-15-3 事業所内において、溶接作業で発生するアークなどの裸火は下記工事としての管理対象であるが、工事用簡易発電機の内燃機関の火気は管理対象ではない。,×
29-15-4 開放した設備の中で人が作業を行う場合のガス遮断では、開放部分の前後のバルブを閉止するだけでなく、バルブまたは配管の接手に仕切り版を挿入するなどして、設備のほかの部分からのガスの漏れ込みを防止する。,○
浸透探傷試験では、まず試験体表面の油脂などを除去し、次に試験体表面に染色浸透液を塗って欠陥部に浸透させた状態で、欠陥の形状などを観察する。,×
異物による配管の閉塞や弁の作動不良に対する診断方法としては、差圧測定のほかに、放射線透過試験も有効である。,○
日常検査は、損傷要因、過去の検査データ、運転条件の変化、類似設備での事故情報などを参考にして検査内容を決定する。,○
アコースティック・エミッション試験は、材料が外力を受けたときに、材料内部の欠陥から放出された弾性波（主に超音波）を検知する非破壊試験方法である。,○
取り外して点検清掃や補修をした熱交換器は、単独での気密試験は必要なく、接続配管と接合したのちガスケット部、配管部などに漏洩のないことを確認する。,×
赤外線サーモグラフィは加熱炉の外面の温度分布を測定することで、内面に用いられている耐火物の剥離、脱落の診断に利用できる。,○
磁気探傷試験（磁粉探傷試験）と渦電流探傷試験（渦流探傷試験）は、電磁気現象を利用した非破壊試験方法であり、いずれも非磁性体材料には適用できない。,×
異物による配管の閉塞や弁の作動不良に対する診断方法としては、差圧測定のほかに、放射線透過試験も有効である。,○
試験体に放射線を照射し、内部の欠陥によって反射・散乱された放射線を検出して欠陥の有無や形状を検査するのが放射線透過試験である。,×
貯槽配管の緊急遮断装置では、定期的な目視検査と作動検査に加えて、貯槽の解放時などに弁座の漏れ検査を行う。,○
製造設備の維持管理のために行う定期検査の方法の一つに、OSIと呼ばれる設備の停止中に行う検査がある。,×
設備診断技術とは、対象とする設備の異常や劣化状態を的確に把握し、これに機器の使用環境や材料の特性などを加味していつまで使用可能であるかを予測し、設備の健全性を診断する技術である。,○
赤外線サーモグラフィは、日常検査において、外面の温度分布を測定することにより、加熱炉内面のキャスタブル耐火物の剥離・脱落の診断に適用できる。,○
設備を開放した場合の気密試験は、原則として当該高圧ガス設備によって貯蔵・処理される気体を使用して行う。,×
浸透探傷試験では、まず試験体表面の油脂などを除去し、次に試験体表面に染色浸透液を塗って欠陥部に浸透させた状態で、欠陥の形状などを観察する。,×
アコースティック・エミッション試験は、材料が外力を受けて変形している状態で、材料内部の欠陥から放出された弾性波（主に超音波）を検知する非破壊試験方法である。,○
設備の保全計画は、その設備の材質や構造、使用される環境や履歴だけでなく、予想される劣化損傷に対する理解をもとに立案する。,○
時間基準保全は、設備の劣化傾向を連続的または定期的に監視、把握しながら設備が故障するまでの時間を予測し、次の整備の時期を決める方式である。,×
ハンマ、グラインダの使用による火花は、火気工事として管理する対象ではないため消火器などの設置は必要ないが、火花の飛散防止対策を行う。,×
設備を開放し、その設備の中で人が作業を行う場合、開放する部分に接続されているバルブを閉止するだけでなく、開放する部分におけるバルブまたは配管の継手に仕切板を挿入するなどにより、設備の他の部分からのガスの漏れ込みを防止する。,○
放射線透過試験は、溶接部の表面欠陥の定期検査に広く適用され、特に超音波探傷試験に比べて、厚肉配管の溶接継手の内表面に生じる疲労き裂の検出に適している。,×
超音波探傷試験において、音波の中でも波長の短い超音波を使用するのは、指向性が強く、欠陥による反射率が高くなり、欠陥の位置検出精度が高まるからである。,○
渦電流探傷試験（渦流探傷試験）は、交流電流を流したコイルによって生じる磁場を試験体に加えたときに、試験体に生じる渦電流が試験体中の減肉、割れなどによって変化することを利用する試験方法である。,○
磁気探傷試験（磁粉探傷試験）は、試験体を磁化したとき欠陥部に磁極が発生して強磁性体の磁粉が表面に付着することを利用した方法であって、表面に開口している欠陥のみならず、表面近傍の欠陥も検出できる。,○
