25-1-1 第一種ガス以外の高圧ガスのみの製造をしようとするものが、事業所ごとに、都道府県知事の許可を受けなければならない場合の処理することができるガス容量の最小値は、1日300立方メートルである。,×
25-1-2 第一種製造者は、その製造をする高圧ガスの種類を変更しようとするときは、あらかじめ、その旨を都道府県知事に届けなければならない。,×
25-1-3 高圧ガス保安法は、高圧ガスによる災害を防止するため、高圧ガスの製造、貯蔵、販売等を規制するとともに、民間事業者及び高圧ガス保安協会による高圧ガスの保安に関する自主的な活動を促進し、もって公共の安全を確保することを目的としている。,○
26-1-1 高圧ガス保安法は、高圧ガスによる災害を防止して公共の安全を確保する目的のため、民間事業者及び高圧ガス保安協会による高圧ガスの保安に関する自主的な活動を促進することも定めている。,○
26-1-2 現在の圧力が0.9MPaの圧縮ガス（圧縮アセチレンガスを除く）であって、温度35度において圧力が1MPaとなるものは高圧ガスではない。,×
26-1-3 圧力が0.2MPaとなる場合の温度が35度以下である液化ガスであっても、現在の圧力が0.1MPaであるものは高圧ガスではない。,×
27-1-1 液化ガスであって、その圧力が0.2MPaとなる場合の温度が30度であるものは、常用の温度において圧力が0.2MPa未満であっても高圧ガスである。,○
27-1-2 圧縮アセチレンガスであって、温度15度において圧力が0.2MPa以上となるものは高圧ガスである。,○
27-1-3 内容積が1デシリットル以下の容器に充填された高圧ガスは、いかなる場合であっても高圧ガス保安法の適用を受けない。,×
28-1-1 高圧ガス保安法は、高圧ガスによる災害を防止して公共の安全を確保する目的のために、高圧ガスの製造、貯蔵、販売、移動その他の取扱及び消費並びに容器の製造及び取扱について規制するとともに、民間事業者及び高圧ガス保安協会による高圧ガスの保安に関する自主的な活動を促進することを定めている。,○
28-1-2 常用の温度においても温度35度においても、その圧力が1MPa未満である圧縮ガス（圧縮アセチレンガスを除く）は、高圧ガスではない。,○
28-1-3 液化酸化エチレンは、高圧ガスである。,○
29-1-1 高圧ガス保安法は、容器の製造及び取り扱いについて規制することも定めている。,○
29-1-2 常用の温度において圧力が1MPa以上となる圧縮ガスであって、現にその圧力が1MPa以上であるものは、高圧ガスである。,○
29-1-3 圧力が0.2MPaとなる場合の温度が35度以下である液化ガスは高圧ガスである。,○
高圧ガス保安法は、高圧ガスによる災害を防止して公共の安全を確保する目的のために、高圧ガスの製造、貯蔵、販売、移動その他の取扱及び消費の規制をすることのみを定めている。,×
常用の温度40度において圧力が1MPaとなる圧縮ガス（圧縮アセチレンガスを除く）であって、現在の圧力が0.9MPaのものは高圧ガスではない。,○
圧力が0.2MPaとなる場合の温度が35度以下である液化ガスであって、常用の温度において圧力が0.2MPa未満であるものは高圧ガスではない。,×
高圧ガス保安法は、高圧ガスによる災害を防止して公共の安全を確保する目的のために、高圧ガスの製造、貯蔵、販売、移動その他の取扱及び消費並びに容器の製造及び取り扱いについて規制するとともに、民間事業者及び高圧ガス保安協会による高圧ガスの保安に関する自主的な活動を推進することを定めている。,○
常用の温度35度において圧力が1MPaとなる圧縮ガス（圧縮アセチレンガスを除く）であって、現在の圧力が0.9MPaのものは高圧ガスではない。,×
液化ガスであって、その圧力が0.2MPaとなる温度が25度であるものは、現在の圧力が0.19MPaであっても高圧ガスである。,○
高圧ガス保安法は、高圧ガスによる災害を防止して公共の安全を確保する目的のために、民間事業者による高圧ガスの保安に関する自主的な活動を促進することを定めているが、高圧ガス保安協会による高圧ガスの保安に関する自主的な活動を促進することは定めていない。,×
圧力が0.2MPaとなる温度が零下10度である液化ガスは、現在の圧力が0Paであっても高圧ガスである。,○
現在の圧力が0.1MPaの圧縮ガス（圧縮アセチレンガスを除く）であって、温度35度において圧力が0.2MPaとなるものは、高圧ガスである。,×
高圧ガス保安法は、高圧ガスによる災害を防止して公共の安全を確保する目的のために、高圧ガスの製造、貯蔵、販売、移動その他の取扱及び消費について規制するほか、容器の製造及び取扱について規制することも定めている。,○
圧力が0.2 MPaとなる場合の温度が35 度以下である液化ガス（液化シアン化水素、液化ブロムメチル及び液化酸化エチレンを除く。）であって、常用の温度において圧力が0.2 MPa未満であるものは高圧ガスではない。,×
常用の温度40度において圧力が1MPaとなる圧縮ガス（圧縮アセチレンガスを除く。）であって、現在の圧力が0.9 MPaのものは高圧ガスではない。,○
高圧ガス保安法は、高圧ガスによる災害を防止して公共の安全を確保する目的のために、高圧ガスの製造、貯蔵、販売、移動その他の取扱及び消費の規制をすることのみを定めている。,×
常用の温度40 度において圧力が0.2メガパスカルとなる液化ガス（特に定めるものを除く。）であって、現在の圧力が0.19 メガパスカルのものは高圧ガスではない。,○
常用の温度25度において圧力が0.2メガパスカル未満である圧縮アセチレンガスであっても、温度35 度において圧力が0.2 メガパスカルとなるものは高圧ガスである。,×
第一種製造者は、事業所ごとに帳簿を備え、製造施設に異常があった場合、異常があった年月日及びそれに対してとった措置をその帳簿に記載しなければならない。また、その帳簿は製造開始の日から10年間保存しなければならない。,×
第一種製造者（冷凍のため高圧ガスの製造をする者を除く。）は、その製造をした高圧ガスをその事業所において販売しようとするときは、その旨を都道府県知事等に届け出る必要はない。,○
特定高圧ガス消費者は、事業所ごとに、消費開始後遅滞なく、特定高圧ガスの消費について所定の書面を添えて都道府県知事等に届け出なければならない。,×
25-2-1 販売業者が高圧ガスの販売のため、質量3000kg未満の液化フルオロカーボン134aのみを貯蔵するときは、第一種貯蔵所または第二種貯蔵所において貯蔵する必要はない。,○
25-2-2 温度35度において圧力が1MPa以上となる圧縮ガスは、常用の温度における圧力が1MPa未満であっても高圧ガスである。,○
25-2-3 常用の温度25度において圧力が0.2MPaとなる液化ガスは、現在の圧力が0.1MPaであっても高圧ガスである。,○
26-2-1 オートクレーブ内における高圧ガスは、そのガスの種類にかかわらず高圧ガス保安法の適用を受けない。,×
26-2-2 第一種ガス以外のガスの高圧ガスの製造をしようとするものが、事業所ごとに都道府県知事の許可を受けなければならない場合の処理することができるガスの容積の最小の値は1日100立方メートルである。,○
26-2-3 高圧ガスの製造のための施設が危険な状態となったとき、その施設の所有者または占有者が直ちに応急の措置を講じなければならないのは、第一種製造者の製造施設及び第二種製造施設に限られている。,×
27-2-1 処理することができるガスの容積が200m3である「第一種ガス」を製造する場合は、許可を受けなければならない ,×
27-2-2 処理することができるガスの容積が210m3である「第一種ガス」及び30m3である「第一種ガス以外のガス」を製造する場合は、許可を受けなければならない ,○
27-2-3 処理することができるガスの容積が200m3である「第一種以外のガス」を製造する場合は、許可を受けなければならない ,○
28-2-1 高圧ガスの製造（冷凍にかかるものを除く）について都道府県知事の許可を受けなければならない場合の処理することができるガスの最小の値は、第一種と第一種以外のガスで異なる。,○
28-2-2 オートクレーブ内における水素は、いかなる場合であっても高圧ガス保安法の適用を受けない。,×
28-2-3 特定高圧ガス消費者であり、かつ、第一種製造者でもあるものは、その製造について都道府県知事の許可を受けているので、特定高圧ガスの消費をすることについて都道府県知事に届けなくてよい。,×
29-2-1 一つの処理設備を使用して高圧ガスの製造をしようとするものが、事業所ごとに、都道府県知事の許可を受けなければならない場合の処理することができるガスの容積の最小の値は、製造をする高圧ガスの種類にかかわらず、1日100m3である。,×
29-2-2 第二種製造者が、容積3000m3以上の高圧ガスを貯蔵しようとするときは、その高圧ガスの種類にかかわらず、第一種貯蔵所において貯蔵しなければならない。,○
29-2-3 特定高圧ガス消費者は、事業所ごとに事業開始の日の20日前までに、その旨を都道府県知事に届け出なければならない。,○
一つの事業所において高圧ガスの製造をしようとする者は、その使用する一つの設備の1日に処理することができるガスの容積が300m3以上である場合には、その製造をするガスの種類に関係なく、都道府県知事の許可を得なければならない。,○
第一種製造者は、高圧ガスの製造の許可を受けたところに従って容積3000m3の高圧ガスである水素を貯蔵するときであっても、その貯蔵する場所は第一種貯蔵所として都道府県知事の許可を受けた場所でなければならない。,×
第一種製造者がその事業所において指定した場所では、何人も火気を取り扱ってはならない。,○
一つの設備（指定設備を除く）のみを使用して第一種ガスである高圧ガスのみの製造をしようとする者が、事業所ごとに、都道府県知事などの許可を受けなければならない場合の処理することができるガスの容積の最小の値は、一日100m3である。,×
第一種製造者は、高圧ガスの製造の許可を受けたところに従って貯蔵能力が1000トンの貯槽により液化プロプレンを貯蔵するときは、その貯槽は第一種貯蔵所として都道府県知事などの許可を受けなくてよい。,○
第一種製造者、第二種製造者又は販売業者以外のものであっても、高圧ガスを取り扱う者は、その所有し、又は占有する高圧ガスについて災害が発生したときは、遅滞なく、その旨を都道府県知事等又は警察官に届けなければならない。,○
窒素と酸素の混合ガスを製造するため、一つの設備（処理することができる窒素ガスの容積が1日210m3及び処理することができる酸素ガスの容積が1日30m3のものであって、指定設備でないもの）を使用して高圧ガスの製造を使用する者は、事業所ごとに、都道府県知事などの許可を受けなければならないものに該当する。,○
販売業者が高圧ガスの販売のため、容積3000m3の第一種ガスを貯蔵するときは、第一種貯蔵所においてしなければならないが、容積1000m3の第二種ガスを貯蔵するときは、第二種貯蔵所において貯蔵することができる。,×
第一種製造者及び第一種貯蔵所の所有者又は占有者は、その所有し又は占有する高圧ガスについて災害が発生したときは、遅滞なくその旨を都道府県知事等又は警察官に届け出なければならないが、第二種製造者及び第二種貯蔵所の所有者又は占有者にあっては、その必要はない。,×
第一種製造者がその高圧ガスの製造事業の全部を譲り渡したときは、その事業の全部を譲り受けた者はその第一種製造者の地位を承継する。,×
一つの定置式製造設備（指定設備であるものを除く。）を使用して高圧ガスの製造をしようとする者は、その設備の処理することができるガスの容積が日300立方メートルを超えている場合には、その製造をするガスの種類に関係なく、事業所ごとに、都道府県知事等の許可を受けなければならない。,○
第二種貯蔵所の所有者又は占有者は、その第二種貯蔵所を定められた技術上の基準に適合するように維持しなければならないが、その技術上の基準は、第一種貯蔵所に適用される技術上の基準と同じである。,○
一つの定置式製造設備（指定設備を除く。）を使用して高圧ガスの製造（冷凍のためのものを除く。）をしようとする者であって、事業所ごとに、都道府県知事等の許可を受けなければならない者は、その製造をするガスの種類に関係なく、その設備の処理することができるガスの容積が日100立方メートルを超えている場合に限られている。,×
第一種製造者がその事業所において指定した場所では、何人も火気を取り扱ってはならない。,○
第一種製造者である法人について合併があり、その合併により新たに法人を設立した場合、その法人は第一種製造者の地位を承継する。,○
25-3-1 質量1000kgの液化塩素を貯蔵するものは事業所ごとに、消費開始の日の20日前までに、その旨を都道府県知事に届け出なければならない。,○
25-3-2 販売業者は、同一の都道府県内に新たに販売所を設けて高圧ガスの販売の事業を営もうとする場合、その販売所における高圧ガスの販売の事業開始後遅滞なく、その旨を都道府県知事に届けなければならない。,×
25-3-3 酸素を廃棄するときは、バルブ及び廃棄に使用する器具の石油類、油脂類その他の可燃性のものを除去した後に行わなければならない。,○
26-3-1 貯蔵設備の貯蔵能力が質量1000kgである液化塩素の消費設備によりそのガスを消費するものは、特定高圧ガス消費者である。,○
26-3-2 第二種製造者が、高圧ガスの製造のため容積3000m3の高圧ガスである圧縮水素を貯蔵しようとするときは、あらかじめ都道府県知事の許可を受けた第一種貯蔵所において貯蔵しなければならない。,○
26-3-3 第一種製造者が定めた危害予防規定を守るべきものは、この第一種製造者、その従業者および協力会社の従業者であると定められている。,×
27-3-2 第一種製造者は、高圧ガスの製造を開始したときは、遅滞なく、その旨を都道府県知事に届けなければならないがい、高圧ガスの製造を廃止したときは、その旨を届け出る必要はない。,×
27-3-3 第一種製造者が製造設備の高圧ガスのポンプを処理能力が350m3増加するものに取り替える工事は、その完成後遅滞なく、その旨を都道府県知事に届けなければならない軽微な変更の工事に該当する。,×
28-3-1 第一種製造者が製造施設の位置、構造、設備の変更の工事をし、または製造する高圧ガスの種類、方法を変更しようとするとき、許可と同様の基準が準用される。,○
28-3-2 高圧ガスの販売の事業を営む者は、事業の開始後30日以内に、販売所ごとに、その旨を都道府県知事に届けなければならない。,×
28-3-3 容器に充填された高圧ガスの輸入をしたものが、その高圧ガス及び容器について都道府県知事が行う輸入検査を受けた場合、これらが輸入検査技術基準に適合していると認められた後、これを移動することができる。,○
29-3-1 第一種製造者は、製造のための施設の位置、構造、設備を変更することなく、製造する高圧ガスの種類を変更したときは、軽微な変更として、変更後遅滞なく、その旨を都道府県知事に届けなければならない。,×
29-3-2 第一種製造者は、その製造をした高圧ガスをその事業所において販売しようとするときは、その旨を都道府県知事に届け出る必要はない。,○
29-3-3 第一種製造者は、高圧ガスの製造を開始し、または廃止したときは遅滞なくその旨を都道府県知事に届けなければならない。,○
第一種製造者は、製造をする高圧ガスの種類又は製造の方法を変更しようとするときは、あらかじめ、都道府県知事などにその旨を届け出なければならない。,×
第一種製造者は、所有し、又は占有する高圧ガスを製造するための施設が危険な状態となったときは、直ちに、所定の応急の措置を講じなければならない。,○
高圧ガスである液化ガスを車両により移動するとき、その質量が1.5kg以下であるものは、いかなる場合であっても、移動の方法にかかる技術上の基準に従って移動する必要はない。,×
第一種製造者は、高圧ガスの製造施設の位置、構造又は設備の変更の工事をしようとするときは、その工事が定められた軽微なものである場合を除き、都道府県知事の許可を受けなければならない。,○
「製造施設が危険な状態になったときは、直ちに、応急の措置を行うとともに、製造の作業を中止し、製造設備内のガスを安全な場所に移し、又は大気中に安全に放出し、この作業に特に必要な作業員のほかは退避させること。」の定めは第二種製造者には適用されない。,×
一般高圧ガス保安規則に定められている高圧ガスの移動にかかる技術上の基準などに従うべき高圧ガスは、可燃性ガス、毒性ガス及び酸素の種類に限られている。,×
第一種製造者は、その製造をする高圧ガスの種類を変更しようとするときは都道府県知事などの許可を受ける必要はないが、変更後遅滞なく、その旨を都道府県知事などに届けなければならない。,×
高圧ガスの製造のための施設が危険な状態となったとき、その施設の所有者または占有者が直ちに応急の措置を講じなければならない製造施設には、第一種製造者の製造施設及び第二種製造者の製造施設以外のものも含まれている。,○
高圧ガスである圧縮ガスを車両により移動するとき、その容積が0.15m3以下であるものは、いかなる場合であっても、移動の方法にかかる技術上の基準に従って移動する必要はない。,×
第一種製造者は、製造をする高圧ガスの種類を変更することなく製造の方法を変更しようとするときには、都道府県知事等の許可を受けなければならない。,○
高圧ガスの販売の事業を営もうとする者は、販売所ごとに、事業の開始後遅滞なく、その旨を都道府県知事等に届け出なければならない｡,×
オートクレーブ内における高圧ガスは、そのガスの種類にかかわらず高圧ガス保安法の適用を受けない。,×
第一種製造者は、事業所ごとに帳簿を備え、製造施設に異常があった場合、異常があった年月日及びそれに対してとった措置をその帳簿に記載しなければならない。また、その帳簿は製造開始の日から10年間保存しなければならない。,×
第一種製造者（冷凍のため高圧ガスの製造をする者を除く。）は、その製造をした高圧ガスをその事業所において販売しようとするときは、その旨を都道府県知事等に届け出る必要はない。,○
特定高圧ガス消費者は、事業所ごとに、消費開始後遅滞なく、特定高圧ガスの消費について所定の書面を添えて都道府県知事等に届け出なければならない。,×
25-4-1 第二種製造者には、「高圧ガスの製造施設が危険な状態になった時、直ちに、応急の措置を行うとともに、製造の作業を中止し、、、、」の定めは適用されない。,×
25-4-2 第一種製造者が高圧ガスを容器により授受した場合、所定の事項を記載した帳簿の保存期間は、記載の日から2年と定められている。,○
25-4-3 第一種製造者がその事業所内において指定した場所では、その第一種製造者の従業者を除き、何人も火気を取り扱ってはならない。,×
26-4-1 スクーバダイビング用の空気を内容積10リットル以上の容器に充填する第二種製造者が、その製造した圧縮空気の販売の事業をその事業所において営むときは、その旨を都道府県知事に届け出る必要はない。,×
26-4-2 内容積が47リットルの容器に充填された高圧ガスを輸入し、陸揚げ地を管轄する都道府県知事又は高圧ガス保安協会もしくは指定輸入検査機関が行う輸入検査を受ける場合、その検査対象は高圧ガスのみである。,×
26-4-3 第一種製造者、第二種製造者又は販売業者以外のものであっても、高圧ガスを取り扱うものは、その所有し、または占有する高圧ガスについて災害が発生したときは、遅滞なく、その旨を都道府県知事又は警察官に届けなければならない。,○
27-4-1 第一種製造者は、その製造をした高圧ガスをその事業所において販売しようとするときは、その旨を都道府県知事に届け出なくてもよい。,○
27-4-2 販売業者が高圧ガスの販売のため、質量50kg入りの液化石油ガスの充填容器70個を一つの容器置き場に貯蔵するとき、第二種貯蔵所において貯蔵することができる。,○
27-4-3 2以上の製造事業所を有する第一種製造者は、主たる事務所に帳簿を備え、各々の製造事業所にかかる異常があった場合に所定の事項を記載し、保存することと定められている。,×
2200m3の第一種ガスは、第一種貯蔵所において貯蔵しなければならない。,×
1200m3の第一種ガスと600m3の第二種ガスは、第一種貯蔵所において貯蔵しなければならない。,○
900m3の第二種ガスは、第一種貯蔵所において貯蔵しなければならない。,×
29-4-1 高圧ガスである酸素を廃棄するときは、一般高圧ガス保安規則で定める廃棄にかかる技術上の基準に従って行わなければならない。,○
29-4-2 第一種製造者がその事業所内において指定した場所では、その第一種製造者の従業者を除き、何人も火気を取り扱ってはならない。,×
29-4-3 第一種製造者は、その所有又は占有する製造施設の高圧ガスについて災害が発生したときは、遅滞なく、その旨を都道府県知事又は警察官に届け出なければならない。,○
第一種製造者は、事業所ごとに帳簿を備え、その製造施設に異常があった場合、異常があった年月日及びそれに対してとった措置をその帳簿に記載し、記載の日から10年間保存しなければならない。,○
オートクレーブ内における高圧ガスは、そのガスの種類にかかわらず高圧ガス保安法の適用を受けない。,×
高圧ガスの輸入をしたものは、輸入をした高圧ガス及びその容器について、指定輸入検査機関が行う輸入検査を受け、これらが輸入検査技術基準に適合していると認められ、その旨を都道府県知事に届け出た場合は、その都道府県知事などが行う輸入検査を受けることなく、その高圧ガスを移動することができる。,○
高圧ガスの販売の事業を営もうとする者は、特に定められた場合を除き、販売所ごとに、事業開始の日の20日前までに、その旨を都道府県知事などに届け出なければならない。,○
第一種製造者であっても、特定高圧ガス消費者に該当する場合は、事業所ごとに消費開始の20日前までに、その特定高圧ガスの消費について都道府県知事に届け出る必要がある。,○
第一種製造者がその事業所において指定する場所では、その第一種製造者の従業者を除き、何人も火気を取り扱ってはならない。,×
第一種貯蔵所の所有者又は占有者が特定高圧ガス消費者にも該当する場合は、特定高圧ガスの消費についての都道府県知事などへの届け出は不要である。,×
第一種製造者（冷凍にかかるものを除く）が、その製造をした高圧ガスの販売の事業をその事業所において営むときは、その旨を都道府県知事などに届け出る必要はない。,○
第一種製造者がその事業所において指定した場所では、何人も火気を取り扱ってはならない。,○
第一種製造者は、事業所ごとに帳簿を備え、その製造施設に異常があった場合、異常があった年月日及びそれに対してとった措置をその帳簿に記載し、記載の日から10年間保存しなければならない。,○
特定不活性ガス以外の不活性ガスを廃棄する場合の廃棄の場所、数量その他廃棄の方法についての技術上の基準は、定められていない。,○
第一種製造者は、その所有又は占有する高圧ガスについて災害が発生したときは、遅滞なく、その旨を都道府県知事等又は警察官に届け出なければならない｡,○
容器に充填された高圧ガスの輸入をした者は、輸入をした高圧ガス及びその容器について、指定輸入検査機関が行う輸入検査を受け、これらが輸入検査技術基準に適合していると認められ、その旨を都道府県知事等に届け出た場合は、都道府県知事等が行う輸入検査を受けることなく、その高圧ガスを移動することができる。,○
第一種製造者（冷凍のため高圧ガスの製造をする者を除く。）は、高圧ガスの製造の許可を受けたところに従って容積3000立方メートルの高圧ガスである酸素を貯蔵するときであっても、その貯蔵は都道府県知事等の許可を受けた第一種貯蔵所においてしなければならないと定められている。,×
第一種製造者は、その製造をする高圧ガスの種類を変更したときは、遅滞なく、その旨を都道府県知事等に届け出なければならない。,×
25-5-1 圧縮ガスを充てんする容器の刻印のうち、「FP 14.7M」は、その容器の最高充填圧力が14.7MPaであることを表している。,○
25-5-2 容器に充填することができる液化アンモニアの質量は、次の算式により表される。G=0.9wV　w密度　V容積,×
25-5-3 容器の表示が減失したとき、その容器の所有者が表示をし直すことは禁じられている。,×
26-5-1 容器に充填する液化ガスは、その容器の内容積に関係なく、容器に刻印など又は自主検査刻印などで示された最高充填質量以下のものでなければならない。,×
26-5-2 一般継ぎ目なし容器の容器再検査の期間は、容器の製造後の経過年数に関係なく定められている。,○
26-5-3 容器の付属品であるバルブの付属品再検査の期間は、そのバルブが容器に装置されているかどうかに関係なく2年と定められている。,×
27-5-1 容器の製造又は輸入をしたものは、特に定められた容器を除き、所定の容器検査を受け、これに合格したものとして所定の刻印または商標の掲示がされているものでなければ、容器を譲渡し、又は引き渡してはならない。,○
27-5-2 容器検査に合格した容器に刻印をすべき事項の一つに、その容器が受けるべき次回の容器再検査の年月がある。,×
27-5-3 容器に充填する高圧ガスは、圧縮ガスにあってはその容器に刻印等又は自主検査刻印等で示された容器の内容積に応じて所定の方法により計算した圧力以下のものでなければならないと定められている。,
28-5-1 容器は、容器検査を受け、これに合格した場合においては所定の刻印又は標章の掲示がされるが、容器が容器再検査に合格した場合は、その定めはない。,×
28-5-2 溶接容器の容器再検査の期間は、容器の製造後の経過年数に関係して定められている。,○
28-5-3 容器に装備されているバルブの付属品再検査の期間は、そのバルブが装置されている容器の容器再検査の期間に関係して定められている。,○
29-5-1 容器検査に合格した容器に、充填することができる高圧ガスの名称を明示すれば、その容器に充填すべき高圧ガスの種類の刻印等又は自主検査刻印等をする必要はない。,×
29-5-2 容器検査に合格した容器には、その外面の見やすい箇所に、その表面積の2分の1以上について黄色の塗色を行わなければならない。,○
29-5-3 容器検査に合格した容器には、充填することのできる液化ガスの質量の数値が、容器の刻印等または自主検査等において示されている。,×
圧縮酸素を容器に充填する場合は、容器の刻印等又は自主検査刻印等において示されている圧力以下で充填することと定められている。,○
液化アンモニアを充填する容器には、その最大充填質量を容器の刻印等又は自主検査刻印等において示すことと定められている。,×
液化塩素を充填する容器の外面に表示すべき事項として、充填する高圧ガスの製造者及び高圧ガスの性質を示す文字「危」を明示することが定められている。,×
高圧ガスが充填されている容器を輸入し、所定の輸入検査に合格したときは、所定の容器検査を受けることなくその容器を譲渡し、又は引き渡すことができる。,○
容器に充填する液化ガスは、その容器の内容積に関係なく、容器に刻印等又は自主検査刻印等において示された最大充填質量以下のものでなければならない。,×
容器の廃棄をする者は、その容器をくず化し、その他容器として使用することができないように処分しなければならないが、容器の付属品の廃棄については、その定めはない。,×
容器が損傷を受けた場合、容器再検査を受け、これに合格し、かつ、所定の刻印又は標章の掲示がされたものでなければ充填してはならない。,○
容器に充填する場合は、その容器に刻印又は自主検査刻印等で示されている圧力以下としなければならない。,○
容器の所有者は、容器再検査に合格しなかった容器について、所定の期間内に所定の刻印等がされたなかったときは、遅滞なく、この容器を容器として使用することができないように処分すること又はその外面に使用禁止である旨の表示をすることと定められている。,×
容器の製造をした者は、特に定められた容器を除き、所定の容器検査を受け、これに合格したものとして所定の刻印等がされているものでなければ、その容器を譲渡し、又は引き渡してはならない。,○
高圧ガスが充?されている容器を輸入し、所定の輸入検査に合格したときは、所定の容器検査を受けることなくその容器を譲渡し、又は引き渡すことができる。,○
圧縮ガスを容器に充?する場合は、その容器に刻印等又は自主検査刻印等において示されている圧力以下で充?しなければならない。,○
容器が容器検査に合格したときは、特に定められた場合を除き、容器の厚肉の部分の見やすい箇所に、明瞭に、かつ、消えないように所定の事項が刻印される。,○
損傷を受けた容器は、その容器の定められた容器再検査期間内において容器再検査を受ければ、所定の刻印等がされていなくても高圧ガスを充?することができる。,×
附属品を廃棄するときは、その附属品をくず化し、その他附属品として使用することができないように処分しなくてよい｡,×
25-6-1 圧縮酸素を充てんする一般継目なし容器の容器の容器再検査において行われる耐圧試験は、容器ごとに行う必要はなく、刻印等において示された内容積、形状および製造年月を同じくするもののうちから任意に採取した1個について行い、採取した容器が合格したときは、残余のものは、合格したものとみなされると定められている。,×
25-6-2 容器又は付属品の廃棄をするものは、くず化し、その他容器又は付属品として使用することができないように処分しなければならない。,○
25-6-3 容器に装置されているバルブの付属品再検査の期間は、そのバルブが装置されている容器の容器再検査の期間に関係なく定められている。,×
26-6-1 容器検査に合格した容器に刻印をすべき事項の一つに、その容器が受けるべき容器再検査の年月がある。,×
26-6-2 付属品検査に合格したバルブには、そのバルブが装置される容器の種類ごとに定められた刻印がされている。,○
26-6-3 容器の製造又は輸入をしたものは、容器検査を受け、これに合格したものとして所定の刻印又は標章の掲示がされているものでなければ、特に定められた容器を除き、容器を譲渡し、又は引き渡してはならない。,○
27-6-1 毒性ガスを充てんする容器には、その充填すべき高圧ガスの名称が刻印で示されているので、そのガスの名称を明示する必要はなく、その高圧ガスの性質を示す文字を明示することと定められている。,×
27-6-2 容器の所有者は、その容器が容器再検査に合格しなかった場合であって、所定の期間内に高圧ガスの種類又は圧力の変更に伴う刻印等がされなかった場合には、遅滞なく、その容器をくず化し、その他容器として使用することができないように処分しなければならない。,○
27-6-3 超低温容器の容器再検査においては耐圧試験は行われるが、断熱性能試験は行われない。,×
28-6-1 容器に装置されるバルブであって付属品検査に合格したものに刻印すべき事項の一つに、耐圧試験における圧力（記号 TP、単位 メガパスカル）及びMがある。,○
28-6-2 容器又は付属品の廃棄をするものは、くず化し、その他容器又は付属品として使用することができないように処分しなければならない。,○
28-6-3 容器の外面には、その容器に充填することができる液化アンモニアの最高充填質量を明示しなければならない。,×
29-6-1 付属品検査に合格したバルブには、そのバルブが装置されるべき容器の内容積を示す記号の刻印がなされている。,×
29-6-2 一般継ぎ目なし容器の容器の再検査の期間は、容器の製造後の経過年数により定められているが、容器の所有者が変わる場合は容器再検査の期間も変更される。,×
29-6-3 容器の所有者は、容器再検査に合格しなかった容器について所定の期間内に所定の刻印等がされなかったときは、遅滞なく、これをくず化し、その他容器として使用することができないように処分しなければならない。,○
30-6-1 高圧ガスを充填していない容器を輸入したものは、特に定められた容器を除き、所定の容器検査を受け、これに合格したものとして所定の刻印又は標章の掲示がされているものでなければ、その容器を譲渡してはならない。,○
30-6-2 液化アンモニアを充填するための溶接容器の容器再検査の期間は、容器の製造後の経過年数に応じて定められているが、圧縮窒素を充填するための一般継目なし容器の容器再検査の期間は、容器の製造後の経過年数に関係なく一律に定められている。,○
30-6-3 容器に装置されていない付属品の付属品再検査の期間は定められていないが、その付属品が容器に装置された場合は装置された日から1年以内に付属品再検査を受けることと定められている。,×
容器検査に合格した容器に刻印等をすべき事項の一つに、その容器の内容積があるが、それをすべき容器は液化ガスを充填する容器のみである。,×
容器の外面に所有者の氏名などを明示した容器の所有者は、その氏名などに変更があったときは、次回の容器再検査時にその事項を明示しなおさなければならない。,×
容器の付属品であるバルブに刻印をすべき事項の一つに、そのバルブが装置されるべき容器の種類がある。,○
容器の外面の見やすい箇所に行う塗色は、高圧ガスの種類が液化炭酸ガスである場合は「緑色」と定められている。,○
容器検査に合格した容器には所定の刻印等をしなければならないが、その一つに「最大充填質量の数値」が定められている。,×
附属品検査に合格したバルブには装置されるべき容器の種類を刻印しなければならないが、液化塩素の容器である場合の刻印は「LG」定められている。,○
容器検査に合格した容器であって、液化ガスを充?するものに刻印等をすべき事項の一つに容器の内容積があるが、圧縮ガスを充?するものについてはその定めはない。,×
酸素ガスを充?する容器に装置するバルブであって附属品検査に合格したものに刻印をすべき事項の一つに、「耐圧試験における圧力（記号TP、単位メガパスカル）及びM」がある。,○
水素ガスを充?する容器に表示すべき事項のうちには、「その容器の表面積の2分の1以上について行う青色の塗色」及び「水素ガスの性質を示す文字「爆」の明示」がある。,×
容器検査に合格した容器に、充?することができる高圧ガスの名称を明示すれば、その容器に充?すべき高圧ガスの種類の刻印等をする必要はない。,×
容器に充?することができる液化塩素の質量は、次の式で表される。G=PxV/C,×
液化アンモニアを充?するための溶接容器の容器再検査の期間は、容器の製造後の経過年数に関係して定められている。,○
25-7-1 減圧設備の外面から第一種保安物件に対して有すべき第一種設備距離は、その減圧設備の処理能力の値から算出される。,×
25-7-2 この貯槽の周囲5m以内においては、所定の措置を講じた場合を除き、引火性または発火性のものを置いてはならない。,○
25-7-3 液化石油ガスの製造に関し１年以上の経験を有するものであれば、所定の製造保安責任者免状の交付を受けていないものを取扱主任者に選任することができる。,○
26-7-1 減圧設備の外面から、第一種保安物件に対して有すべき第一種設備距離が確保できない場合の措置として、その減圧設備を地盤面下に埋設する措置が定められている。,×
26-7-2 貯槽の基礎は、その立地する地盤が堅固であれば、その支柱を同一の基礎に緊結する必要はない。,×
26-7-3 丙種化学責任者免状の交付を受けているものを、この事業所の取扱主任者に選任することができる。,○
27-7-1 減圧設備の外面から第一種保安物件に対し第一種設備距離以上の距離を有しなければならないが、その設備距離は貯蔵能力にかかわらず常に一定である。,×
27-7-2 消費設備において、貯槽の基礎は不同沈下等によりその消費設備に有害なひずみが生じないようにしなければならないが、蒸発器についてはその定めはない。,×
27-7-3 定められた措置を講じた場合を除き、貯蔵設備などの周囲5m以内においては、火気（その設備内のものを除く。）の使用を禁じ、かつ、引火性又は発火性のものを置いてはならない。,○
28-7-1 消費施設の立地する地盤が堅固であっても、貯槽の支柱は同一の基礎に緊結しなければならない。,○
28-7-2 貯槽設備に生じる静電気を除去する措置を講じた場合は、その貯蔵設備の周囲5m以内に引火性又は発火性のものを置くことができる。,×
28-7-3 所定の製造保安責任者免状の交付を受けていないが液化石油ガスの製造に関し1年以上の経験を有するものを、この事業所の取扱主任者として選任することができる。,○
29-7-1 貯蔵設備の外面から第一種保安物件及び第二種保安物件に対し、それぞれ所定の距離以上の距離を有しなければならないが、減圧設備については、その定めはない。,×
29-7-2 この貯槽の周囲5m以内においては、所定の措置を講じた場合を除き、引火性又は発火性のものを置いてはならない。,○
29-7-3 取扱主任者には、所定の製造保安責任者免状の交付を受けているもののほか、液化石油ガスの製造又は消費に関し1年以上の経験を有するものも選任することができる。,○
消費施設は、その減圧設備の外面から第一種保安物件に対し第一種設備距離以上、第二種保安物件に対し第二種設備距離以上の距離を有しなければならない。,○
消費設備のうちその周囲5m以内において火気の使用を禁じられているのは貯蔵設備のみである。,×
液化石油ガスの消費に関し1年以上の経験を有するものを取扱主任者に選任することができる。,○
消費施設は、第一種保安物件に対して所定の強度を有する構造の障壁を設ければ、その減圧設備の外面から第一種保安物件に対して有すべき第一種設備距離は減じられる。,×
貯蔵設備などの周囲5m以内においては、引火性又は発火性のものを置いてはならないが、適切な防消火設備を適切な箇所に設けた場合は、貯蔵設備などの周囲5m以内に引火性又は発火性のものを置くことができる。,×
甲種化学責任者免状の交付を受けているが、液化石油ガスの消費に関する1年以上の経験を有していないものを、この消費施設の特定高圧ガス取扱主任者として選任することができる。,○
消費設備のうち、貯槽の基礎は不動沈下などによりその設備に有害なひずみが生じないようにしなければならないと定められているが、蒸発器の基礎についてはその定めはない。,×
減圧設備の外面から第一種保安物件に対して有すべき第一種設備距離は、減圧設備の処理能力から算出すると定められている。,×
所定の製造保安責任者免状の交付を受けていなくても、特定高圧ガスの消費者としての液化石油ガスの消費に関し1年以上の経験を有するものを取扱主任者として選任することができると定められている。,○
この貯槽の基礎は、その立地する地盤が堅固であれば、貯槽の支柱を同一の基礎に緊結する必要はない。,×
貯蔵設備等の周囲5メートル以内においては、特に定める場合を除き、火気（その設備内のものを除く。）の使用を禁じ、かつ、引火性又は発火性の物を置いてはならない。,○
消費施設は、第一種保安物件に対して所定の強度を有する構造の障壁を設ければ、その減圧設備の外面から第一種保安物件に対して有すべき第一種設備距離は減じられる。,×
液化石油ガスの消費（特定高圧ガスの消費者としての消費に限る。）に関し1年以上の経験を有する者を取扱主任者に選任することができる。,○
貯蔵設備である貯槽に適切な防消火設備を適切な箇所に設けた場合は、その貯槽の周囲5メートル以内に引火性又は発火性の物を置くことができる。,×
貯蔵設備の外面から第一種保安物件及び第二種保安物件に対し、それぞれ所定の距離以上の距離を有しなければならないが、減圧設備については、その定めはない。,×
25-8-1 認定完成検査実施者であるので、認定を受けた製造施設の特定変更工事については、工事を完成したときに都道府県知事が行う完成検査を受けてはならないと定められている。,×
25-8-2 認定保安検査実施者として、自ら保安検査を行うことができる特定施設を追加するため、経済産業大臣の認定を受ける場合、その施設は、継続して2年以上高圧ガスを製造している特定施設でなければならない。,○
25-8-3 定期に保安のための自主検査を行わなければならない製造のための施設として、高圧ガス設備を除くガス設備は対象として定められていない。,×
26-8-1 製造施設の位置、構造又は設備の変更の工事をしようとするときは、都道府県知事の許可を受けなければならないが、製造をする高圧ガスの種類又は製造の方法の変更については、その変更後遅滞なく都道府県知事に届け出ればよい。,×
26-8-2 製造施設の特定変更工事以外の変更の工事を行った場合、都道府県知事又は高圧ガス保安協会もしくは指定完成検査機関が行う完成検査を受けず、もしくは自ら完成検査を行うことなく、その製造施設を使用することができる。,○
26-8-3 従業者に対する保安教育計画を定め、これを忠実に実行しなければならないが、その保安教育計画を変更した場合であっても、都道府県知事に届け出る必要はない。,○
27-8-1 認定完成検査実施者であるので、製造施設の特定変更工事にかかる完成検査を自ら実施した後、その検査記録を都道府県知事に届け出ることなく、その製造施設を使用することができる。,×
27-8-2 危害予防規定を変更したときは、変更の明細を記載した書面を添えて、都道府県知事に届け出なければならない。,○
27-8-3 従業者に対する保安教育計画を定め、都道府県知事に届け出るとともに、その計画を忠実に実行しなければならない。,×
28-8-1 製造施設の特定変更工事以外の変更の工事を完成したときは、都道府県知事又は高圧ガス保安協会若しくは指定完成検査機関が行う完成検査を受けず、もしくは自ら完成検査を行うことなく、その製造施設を使用することができる。,○
28-8-2 従業者に対する保安教育計画を定め、これを忠実に実行しなければならないが、その保安教育計画を変更した場合であっても、都道府県知事に届け出る必要はない。,○
28-8-3 この事業所には、製造施設の区分ごとに所定の製造保安責任者免状の交付を受け、かつ、所定の経験を有するもののうちから保安主任者を選任しなければならないが、この場合の製造保安責任者免状は、甲種化学責任者免状又は甲種機械責任者免状に限られている。,×
29-8-1 この事業者が都道府県知事の許可を受けた製造施設の位置、構造又は設備の変更の工事であっても、都道府県知事、高圧ガス保安協会又は指定完成検査機関が行う完成検査を受けることなく、もしくは自ら完成検査を行うことなく、その製造施設を使用することができる変更の工事がある。,○
29-8-2 この事業者が危害予防規定に定めるべき事項の一つに、「製造施設の新増設にかかる工事及び修理作業の管理に関すること。」がある。,○
29-8-3 この事業者は認定完成検査実施者及び認定保安検査実施者であるので、その従業者に保安教育を施せば、保安教育計画を定める必要はない。,×
認定完成検査実施者であるので、製造施設の特定変更工事にかかる完成検査を自ら行い所定の技術上の基準に適合していることを確認したときは、その検査記録を都道府県知事などに届け出ることなく、その製造施設を使用することができる。,×
危害予防規定を変更したときは、都道府県知事などに届け出なければならない。,○
従業者に対する保安教育計画を変更したときは、都道府県知事などに届け出るとともに、その計画を忠実に実行しなければならない。,×
保安区画内の高圧ガス設備は、その燃焼熱量の数値が所定の数値以下であっても、その外面からその保安区画に隣接する保安区画内の高圧ガス設備に対して30m以上の距離を有しなければならない。,○
特殊反応設備に設けた内部反応監視装置のうち、異常な温度又は圧力の上昇その他の異常な事態の発生を最も早期に検知することができるものであって、かつ、自動的に警報を発することができるものは、その計測結果を自動的に記録することができるものである必要はない。,×
この事業所に窒素の製造設備を増設する場合、この窒素の貯蔵設備及び処理設備は、特に定められたものを除きその外面から保安物件に対し50m以上の距離を有しなければならない。,○
保安統括者が高圧ガスの製造にかかる保安に関する企画又は指導の業務に通算して3年以上従事したものである場合には、保安企画推進員を選任しなくてよい。,×
保安企画推進員に受講させなければならない高圧ガスの災害の防止に関する所定の講習は、選任した後1回のみ受講させればよい。,×
保安係員を選任するときは、定められた製造施設区分ごとに選任しなければならないが、設備の配置などから見て一体として管理されるものとして設計されたものであり、かつ、同一の計器室において制御され適切な保安管理が行えるときは、異なる2以上の製造施設であっても同一の製造施設区分に属するものとみなして選任することができる。,○
保安統括者として選任した者が交付を受けている製造保安責任者免状の種類及びその者が有している高圧ガスの製造に関する経験にかかわらず、この事業所には保安技術管理者を必ず選任しなければならないと定められている。,×
保安主任者には、乙種化学責任者免状の交付を受け、かつ、所定の高圧ガスの製造に関する経験を有する者を選任することができる。,○
保安係員の代理者は、所定の製造保安責任者免状の交付を受けている者であって、かつ、所定の高圧ガスの製造に関する経験を有する者のうちから、あらかじめ選任しておかなければならない。,○
認定を受けた特定施設について自ら保安検査を実施し、その検査の記録を都道府県知事等に届け出た後に、都道府県知事等が行うその記録による保安検査を受けなければならない。,×
定期自主検査を行うときは、選任した保安係員に、その定期自主検査の実施について監督を行わせなければならない。,○
選任した保安主任者の定められた職務の一つに、製造施設の設計・施工に関し、保安上の観点から助言、指導及び勧告を行うことがある。,×
25-9-1 危害予防規定を定め、都道府県知事の認可を受けなければならない。また、これを変更したときも同様である。,×
25-9-2 従業者に対する保安教育計画を定め、その計画を都道府県知事に届け出なければならない。,×
25-9-3 この事業者が選任した保安技術管理者には、所定の期間内に高圧ガス保安協会又は指定講習機関が行う高圧ガスによる災害の防止に関する講習を受けさせるべき定めはない。,○
26-9-1 認定完成検査実施者として完成検査のための組織または完成検査の方法に変更があったときは、その変更後の認定の更新時にその旨を経済産業大臣に届け出なければならない。,×
26-9-2 新たな製造施設を追加する変更の工事について、自ら完成検査を行い、検査の記録を都道府県知事に届け出た場合は、都道府県知事又は高圧ガス保安協会若しくは指定完成検査機関が行う完成検査を受けることなく、その製造施設を使用することができる。,×
26-9-3 定期自主検査は、ガス設備が製造施設の位置、構造及び設備の技術上の基準（耐圧試験にかかるものを除く）に適合しているかどうかについて行わなければならない。,○
27-9-1 保安統括者が所定の製造保安責任者免状の交付を受けていない場合、甲種化学責任者免状又は甲種機械責任者免状の交付を受け、かつ、高圧ガスの製造に関する所定の経験を有するもののうちから保安技術管理者を選任しなければならない。,○
27-9-2 保安係員は製造施設区分ごとに選任しなければならないが、異なる製造施設区分に属する2以上の製造施設とが設備の配置などから見て一体として管理されるものとして設計されたものであり、かつ、同一の計器室において制御され適切な保安管理が行えるときは、これら２以上の製造施設を同一の製造施設区分に属するものとみなして選任することができる。,○
27-9-3 保安係員の代理者は、あらかじめ、所定の製造保安責任者免状の交付を受けているものであって、かつ、所定の高圧ガスの製造に関する経験を有するもののうちから選任しておかなければならない。,○
28-9-1 この事業所に保安技術管理者を選任する場合、甲種化学責任者免状又は甲種機械責任者免状の交付を受けていないものであっても、乙種化学責任者免状又は乙種機械責任者免状の交付を受け、かつ、所定の経験を有するものを選任することができる。,×
28-9-2 選任した保安主任者が、旅行、疾病、その他の事故によってその職務を行うことができなくなったときは、遅滞なく、高圧ガスの製造に関する所定の経験を有するもののうちから代理者を選任し、その職務を代行させなければならない。,×
28-9-3 選任した保安係員の定められた職務の一つに、「災害の発生またはその恐れがある場合における応急措置を実施すること。」がある。,○
29-9-1 保安統括者として選任したものが交付を受けている製造保安責任者免状の種類及び経験した高圧ガスの製造の内容にかかわらず、この事業所には保安技術管理者を必ず選任しなければならない。,×
29-9-2 選任する保安企画推進員は、保安技術管理者、保安主任者又は保安係員のいずれかに選任され、それらの職務に所定の期間従事したものに限られている。,×
29-9-3 選任する保安係員は、所定の製造保安責任者免状の交付を受け、かつ、所定の高圧ガスの製造に関する経験を有するものでなければならない。,○
保安企画推進員には、製造保安責任者免状の交付を受けていないが、所定の高圧ガスの製造にかかる保安に関する知識経験を有するものを選任することができる。,○
保安主任者には、特別試験科目に係る丙種化学責任者免状の交付を受け、かつ、高圧ガスの製造に関する所定の経験を有するものを選任することができる。,×
保安係員には、所定の製造保安責任者免状の交付を受け、かつ、高圧ガスの製造に関する6か月の経験を有するものを選任することができる。,×
貯蔵能力2000トン、最大直径20mの液化ブタジエンの貯槽に隣接して、貯蔵能力2000トン、最大直径20mの液化ブタジエンの貯槽を地盤面上に増設するとき、これら貯槽に防火上及び消火上有効な措置を講じた場合であっても、これら貯槽相互間に有すべき最小の距離は10mである。,○
この事業所が必要とする保安用不活性ガス等の数量は、事業所内で最も大きな貯蔵能力を持つ貯槽が危険な状態になった場合に、その貯槽内のガスのパージ、シールその他の災害の発生防止のための応急の措置を講じるために必要な不活性ガス又はスチームの数量である。,×
エチレンの導管には、市街地を横断するものに限り、所定の緊急遮断装置またはこれと同等以上の効果のある装置を設けなければならない。,×
危害予防規定を守っていない場合、公共の安全の維持又は災害の発生の防止のため必要があると都道府県知事などが認めるときは、都道府県知事等から危害予防規定を守るよう勧告されることがある。,○
保安統括者、保安企画推進員、保安技術管理者、保安主任者、および保安係員について、これらの代理者を選任又は解任した場合、遅滞なく、その旨を都道府県知事等に届け出なければならない旨の定めがあるのは、保安統括者の代理者を選任又は解任した場合のみである。,○
認定保安検査実施者の認定にかかる特定施設については、その施設のガス設備が所定の技術上の基準に適合しているかどうかについて、1年に1回以上、定期に自主検査を行うべき定めはない。,×
選任した保安企画推進員の定められた職務の一つに、災害が発生した場合におけるその原因の調査及び対策の検討を行うこと。がある。,○
認定保安検査実施者の認定に係る特定施設について自ら保安検査を行い、所定の技術上の基準に適合していることを確認し、その検査の記録を都道府県知事等に届け出た場合は、都道府県知事等が行う保安検査を受けなくてよい。,○
従業者に対する保安教育計画を定め、これを忠実に実行しなければならない。また、その実行の結果を都道府県知事等に届け出なければならない。,×
この事業所の保安企画推進員には、製造保安責任者免状の交付を受けていない者であっても、高圧ガスの製造に係る保安に関する企画又は指導の業務に所定の期間従事した者を選任することができる。,○
この事業所には、製造施設の区分ごとに保安主任者を選任しなければならないが、この場合、その者が交付を受けている製造保安責任者免状の種類は、甲種化学責任者免状又は甲種機械責任者免状に限られている。,×
所定の製造保安責任者免状の交付を受けている者又は高圧ガスの製造に関する所定の経験を有している者のいずれか一方の要件を満たす者を、保安係員に選任することができる。,×
25-10-1 この事業所の保安技術管理者には、乙種化学責任者免状又は乙種機械責任者免状の交付を受け、かつ、所定の高圧ガスの製造に関する経験を有するものを選任することができる。,×
25-10-2 この事業所の保安企画推進員には、製造保安責任者免状の交付を受けていないものであっても、高圧ガスの製造にかかる保安に関する企画又は指導の業務に所定の期間従事したものを選任することができる。,○
25-10-3 保安統括者、保安企画推進員、保安技術管理者、保安主任者及び保安係員について、これらの代理者を選任又は解任した場合、遅滞なくその旨を都道府県知事に届け出なければならない旨の定めがあるのは、保安統括者の代理者を選任又は解任した場合のみである。,○
26-10-1 保安統括者に所定の製造保安責任者免状の交付を受け、かつ、高圧ガスの製造に関する所定の経験を有するものを選任した場合であっても保安企画推進員を選任しなければならない。,○
26-10-2 選任した保安係員の定められた職務の一つに、製造施設の設計・施工に関し、保安上の観点から助言、指導、及び勧告を行うことがある。,×
26-10-3 所定の期間内に、高圧ガス保安協会又は指定講習機関が行う高圧ガスによる災害の防止に関する講習を受けさせなければならないのは、保安企画推進員、保安主任者及び保安係員に限られている。,○
27-10-1 保安主任者に平成26年7月1日に高圧ガス保安協会が行う高圧ガスの災害の防止に関する講習を受けさせた場合、その保安主任者には平成32年3月31日までに次回の講習を受けさせなければならない。,○
27-10-2 保安企画推進員が、旅行、疾病、その他の事故によって、その職務を行うことができない場合、保安企画推進員の代理者にその職務を代行させなければならない。,○
27-10-3 選任した保安主任者の定められた職務は、保安企画推進員を補佐して、保安係員を指揮することである。,
28-10-1 所定の事項を記載した危害予防規定を定め、これを都道府県知事に届け出なければならない。また、この危害予防規定を守るべきものは、この事業者及びその従業者である。,○
28-10-2 保安企画推進員には、保安主任者に選任され、その職務に所定の期間以上従事したものを選任することができる。,○
28-10-3 選任していた保安統括者を解任し、新たな保安統括者を選任した場合は、遅滞なく、その選任の旨を都道府県知事に届け出なければならないが、解任についても遅滞なくその旨を届け出なければならない。,○
29-10-1 選任した保安企画推進員、保安主任者、及び保安係員には所定の期間内に高圧ガス保安協会又は指定講習機関が行う高圧ガスによる災害の防止に関する講習を受けさせなければならないが、保安技術管理者にはこの講習を受けさせる必要はない。,○
29-10-2 保安主任者の選任及び解任については、その旨を都道府県知事に届け出なければならないが、保安主任者の代理者の選任及び解任については、その届出をしなくてよい。,○
29-10-3 選任した保安企画推進員の定められた職務の一つに、「高圧ガスの製造にかかる保安に関する基本的方針の立案を行うこと。」がある。,○
保安技術管理者の定められた職務は、保安統括者を補佐して、高圧ガスの製造にかかる保安に関する技術的な事項を管理することである。,○
保安統括者を直接補佐する職務を行う者のうちから保安統括者の代理者をあらかじめ選任し、遅滞なく、その旨を都道府県知事などに届け出なければならない。,○
選任した保安係員に、高圧ガス保安協会又は指定講習機関が行う高圧ガスによる災害の防止に関する講習を所定の期間内に受けさせることができない場合、保安係員の代理者にその講習を受けさせることと定められている。,×
認定完成検査実施者及び認定保安検査実施者であるので、甲種化学責任者免状又は甲種機械責任者免状の交付を受けているが、高圧ガスの製造に関する所定の経験を有しないものを保安統括者として選任した場合は、保安技術管理者を選任しなくてよい。,×
製造保安責任者免状の交付を受けていないが、高圧ガスの製造にかかる保安に関する企画又は指導の業務に通算して3年以上従事したものを保安企画推進員に選任することができる。,○
保安主任者の定められた職務は、保安統括者を保安技術者とともに補佐し、事業所全体の高圧ガスに関する保安を管理・監督することである。,×
特殊反応設備に設けた内部反応監視装置は、その計装回路に所定のインターロック機構を設けた場合であっても、その設備内の温度、圧力及び流量などが正常な反応条件を逸脱し、又は逸脱する恐れがあるときに自動的に警報を発するものでなければならない。,○
保安区画内の高圧ガス設備の外面から隣接する保安区画内の高圧ガス設備に対して有すべき距離は、保安区画内の高圧ガス設備の燃焼熱量の数値に応じて算定される。,×
これらの導管は、地盤面下に埋設されている場合に限り、その見やすい箇所に高圧ガスの種類、導管に異常を認めた時の連絡先その他必要な事項を明瞭に記載した標識を設けなければならない。,×
液化エチレンの貯槽の外面から、この事業所の存する敷地外にある保安のための宿直施設に対して、所定の距離以上の距離を有しなければならない。,○
保安区画内の高圧ガス設備（特に定めるものを除く。）の外面から、隣接する保安区画内の高圧ガス設備（特に定めるものを除く。）に対して有すべき距離は、保安区画内の高圧ガス設備の燃焼熱量の数値には関係なく、一律に30 メートル以上と定められている。,○
可燃性ガスの製造施設には、その規模に応じ、適切な防消火設備を適切な箇所に設けなければならないが、この場合、この設備の作動のために必要な数量の水を常時保有することについての定めはない。,×
特殊反応設備には、緊急時に安全に、かつ、速やかに遮断するための措置を講じなければならないが、その措置は計器室において操作することができる措置又は自動的に遮断する措置でなければならない。,○
エチレンの導管には、市街地を横断するものに限り、所定の緊急遮断装置又はこれと同等以上の効果のある装置を設けなければならない。,×
エチレンの導管系に、圧力又は流量の異常な変動等の異常な事態が発生したときにその旨を警報する装置が設けられている場合であっても、その輸送を停止しようとするときにはその旨を関連事業所に連絡しなければならない。,○
25-11-1 保安主任者には、特別試験科目にかかる丙種化学責任者免状の交付を受け、かつ、所定の高圧ガスの製造に関する経験を有するものを選任することができる。,×
25-11-2 保安係員には、所定の製造保安責任者免状の交付を受け、かつ、高圧ガスの製造に関する6か月の経験を有するものを選任することができる。,×
25-11-3 選任した保安企画推進員の定められた職務の一つに、災害が発生した場合におけるその原因の調査及び対策の検討を行うことがある。,○
26-11-1 保安技術管理者、保安企画推進員、保安主任者、保安係員について、これらの代理者を選任又は解任した場合、その旨を都道府県知事に届け出なくてよい。,○
26-11-2 保安主任者は所定の製造施設区分ごとに選任しなければならないが、異なる製造施設区分に属する2以上の製造施設とが設備の配置などから見て一体として管理されるものとして設計されたものであり、かつ、同一の計器室において制御され適切な保安管理が行えるときは、これらの製造施設は同一の製造施設区分に属するものとみなして保安主任者の選任ができる。,○
26-11-3 選任した保安統括者の代理者の定められた職務は、保安統括者を補佐して、高圧ガスの製造にかかる保安に関する技術的な事項を管理することである。,×
27-11-1 認定保安検査実施者の認定にかかる特定施設について自ら保安検査を行い、所定の技術上の基準に適合していることを確認し、その検査の記録を都道府県知事に届け出た場合は、都道府県知事が行う保安検査を受けなくてよい。,○
27-11-2 ガス設備がその位置、構造および設備の技術上の基準に適合しているかどうかについて、定期に保安のための自主検査を行い、その検査記録を作成し、これを保存しなければならない。,○
27-11-3 自ら保安検査を行うことができる特定施設を追加しようとする場合、継続して1年間高圧ガスを製造している施設について申請することができる。,×
28-11-1 定期自主検査を行うときは、選任した保安係員に、その定期自主検査の実施について監督を行わせなければならない。,○
28-11-2 特定変更工事のうち、新たな製造施設を追加する工事についても自らその完成検査を行うことができる。,×
28-11-3 認定を受けた特定施設について自ら保安検査を実施し、その検査の記録を都道府県知事に提出した後に、都道府県知事が行う記録による保安検査を受けなければならない。,×
29-11-1 認定にかかる特定施設について行う保安検査は、製造の方法が所定の技術上の基準に適合しているかどうかについて行わなければならない。,×
29-11-2 ガス設備が製造施設にかかる所定の技術上の基準に適合しているかどうかについて、定期に、保安のための自主検査を行わなければならない。,○
29-11-3 特定変更工事の完成検査を自ら行い、所定の基準に適合していることを確認したときに都道府県知事に届け出る所定の記録に記載すべき事項の一つに、「特定変更工事の設備ごとの検査方法、記録及びその結果」がある。,○
認定にかかる特定施設について保安検査を自ら行い、その検査の記録を都道府県知事等に届け出た場合は、都道府県知事等が行う保安検査を受けなくてよい。,○
ガス設備について定期自主検査を行ったときは、その検査結果を都道府県知事等に遅滞なく届け出なければならない。,×
認定完成検査実施者であるが、新たな製造施設を追加する工事については自らその完成検査を行うことができない。,○
保安主任者の代理者を選任する場合は、所定の製造保安責任者免状の交付を受け、かつ、高圧ガスの製造に関する所定の経験を有していれば、保安主任者を直接補佐する職務を行うもの以外のものを選任することができる。,×
認定保安検査実施者であるので、認定にかかる特定施設が所定の技術上の基準に適合しているかどうかについて自ら保安検査を行うことができる。,○
この事業者が行う定期自主検査の検査記録の記載事項の一つに、検査したガス設備の設備ごとの検査の方法および結果がある。,○
特定製造事業所のすべての製造設備が危険な状態になった場合において製造設備内のガスのパージ、シールその他の災害の発生を防止するための応急の措置を講じるために保有し、又は供給を確実に受けるための措置を講じなければならないものと定められているのは、必要な数量及び圧力の窒素のみである。,×
可燃性ガスの製造施設にかかる計器室を、その製造設備において発生する恐れのある危険の程度及び製造設備からの距離に応じ安全な構造とした場合であっても、その計器室の扉および窓は、耐火性のものとしなければならない。,○
この特定製造事業所に隣接するコンビナート製造事業所との境界線から所定の距離以内にベントスタックを設置したときは、その事業所に所定の事項を記載した書面を送付する必要があるが、その所定の距離以内に屋外消火栓を設置したときには、その必要はない。,×
特殊反応設備には、内部反応監視装置を設けた場合であっても、緊急時に安全に、かつ、速やかに遮断するための措置を講じなければならないが、その措置は計器室において操作することができるもの又は自動的に遮断するものでなければならない。,○
エチレンの製造設備に設ける計器室は、その扉及び窓を耐火性のものとすれば、その設置位置については制限を受けない。,×
この事業所に隣接するコンビナート製造事業所との境界線から所定の距離以内にベントスタックを設置したときは、所定の事項を記載した書面をその事業所に送付する必要があるが、その所定の距離以内に屋外消火栓を設置したときには、その必要はない。,×
この事業所が必要とする保安用不活性ガス等の数量は、事業所内で最も大きな貯蔵能力を持つ貯槽が危険な状態になった場合に、その貯槽内のガスのパージ、シールその他の災害の発生防止のための応急の措置を講じるために必要な不活性ガス又はスチームの数量である。,×
保安用不活性ガスの製造施設を新たに設置する場合、特に定められたものを除き、その貯蔵設備及び処理設備の外面から保安物件に対し、50メートル以上の距離を有しなければならない。,○
保安用不活性ガスとして用いるための窒素の製造設備を増設する場合であっても、その高圧ガス設備を設置する場所は、所定の保安区画内としなければならない。,○
25-12-1 貯蔵能力3000トンの液化プロピレンの貯槽を新たに1基設置する場合、その貯槽の外面から保安物件に対して50m又は所定の算式により得られた距離のいずれか大なるものに等しい距離以上の距離を有しなければならない。,×
25-12-2 保安用不活性ガスとして用いるための窒素の製造設備を増設する場合であっても、配管を除くその高圧ガス設備の外面から隣接する保安区画内にある高圧ガス設備に対し30m以上の距離を有しなければならない。,○
25-12-3 貯蔵能力が15トンの液化酸化エチレンの貯槽を地盤面下に新たに2基埋設する場合であっても、これらの貯槽の外面からの相互間の距離は、1m又はこれらの貯槽の最大直径の和の1/4のいずれか大なるものに等しい距離以上の距離を有しなければならない。,○
26-12-1 特殊反応設備には、緊急時に安全に、かつ、速やかに遮断するための措置を講じなければならないが、この措置は計器室において操作することができるもの又は自動的に遮断するものに限られている。,○
26-12-2 これらの導管の経路には、高圧ガスの種類及び圧力並びに導管の周囲の状況に応じ、必要な箇所に、地盤の震動を的確に検知し、かつ、警報するための感震装置を設けなければならない。,○
26-12-3 この事業所に隣接するコンビナート製造事業所との境界線から所定の距離以内にベントスタックを設置したときは、その事業所に所定の事項を記載した書面を送付する必要があるが、その所定の距離以内に屋外消火栓を設置したときにはその必要はない。,×
27-12-1 製造施設は、その貯蔵設備及び処理設備の外面から、この事業所敷地外の保安のための宿直施設に対し、所定の距離を有しなければならない。,○
27-12-2 特殊反応設備は、緊急時に安全に、かつ、速やかに遮断するため、計器室において操作できる措置又は自動的に遮断する措置を講じなければならない。,○
27-12-3 液化エチレンの貯蔵能力1000トンの球形貯槽を増設するとき、この貯槽に防火上及び消火上有効な措置を講じた場合、他の隣接する可燃性ガスの貯槽に対して有すべき距離は、一律に1m以上と定められている。,○
28-12-1 保安用不活性ガスの高圧ガス製造施設を新たに設置する場合、その処理設備又は貯蔵設備の外面から保安物件に対して有すべき距離は、定められていない。,×
28-12-2 特に認められた場合を除き高圧ガス設備が設置されている敷地は所定の面積以下の保安区画に区分しなければならないが、この保安区画内の高圧ガス設備の燃焼熱量の数値は所定の値以下でなければならないと定められている。,○
28-12-3 地盤面上に設置されている液化エチレンの貯槽、液化プロピレンの貯槽及び液化ブタジエンの貯槽の外面の相互間に有すべき距離は、これらの貯槽に貯蔵できる可燃性ガスの燃焼熱量から算出される。　直径で決まる,×
29-12-1 地盤面上に設置されている液化エチレンの貯槽と液化プロピレンの貯槽の相互間に有すべき距離は、どちらも可燃性ガスであるので、貯槽の最大直径に関係なく一律に定められている。,×
29-12-2 特殊反応設備に設けた内部反応監視装置は、その設備内の温度、圧力及び流量などが正常な反応条件を逸脱し、又は逸脱する恐れがあるときに自動的に警報を発するものでなければならない。,○
29-12-3 保安区画内の高圧ガス設備の外面から隣接する保安区画内の高圧ガス設備に対して有すべき距離は、保安区画内の高圧ガス設備の燃焼熱量の数値に応じて算定しなければならない。,×
貯蔵能力1000トンの液化プロピレンの貯槽を増設する場合、その外面から隣接する液化エチレンの貯槽に対して有すべき距離は、これらの貯槽に防火上及び消火上有効な措置を講じたときは、これを短縮することができる。,×
保安区画内の高圧ガス設備の外面から隣接する保安区画内の高圧ガス設備に対して有すべき距離は、その燃焼熱量により算定される。,×
保安用不活性ガスの製造施設を新たに設置する場合、特に定められたものを除き、その貯蔵設備及び処理設備の外面から保安物件に対し、50メートル以上の距離を有しなければならない。,○
新たな製造施設を追加する変更の工事について、自ら完成検査を行い、検査の記録を都道府県知事などに届け出れば、都道府県知事等又は高圧ガス保安協会若しくは指定完成検査機関が行う完成検査を受けることなく、その製造施設を使用することができる。,×
特定設備検査合格証の交付を受けた凝縮器への取り換え工事として都道府県知事等の許可を受けた工事であっても、その処理能力の変更が所定の範囲である場合は、都道府県知事など又は高圧ガス保安協会若しくは指定完成検査機関が行う完成検査を受けず、又は自ら完成検査を行うことなく、その製造施設を使用することができる。,○
製造施設のうち、高圧ガス設備以外のガス設備の変更の工事は、軽微な変更の工事に該当する。,○
認定を受けた製造施設の特定変更工事にかかる完成検査を自ら行い、その検査の記録を都道府県知事等に届け出た場合は、都道府県知事等が行う完成検査を受けることなく、その製造施設を使用することができる。,○
都道府県知事等の許可を受けた製造施設の位置、構造又は設備の変更の工事であっても、都道府県知事等、高圧ガス保安協会又は指定完成検査機関が行う完成検査を受けることなく、もしくは自ら完成検査を行うことなく、その製造施設を使用することができる変更の工事がある。,○
特定設備の取り換えの工事であって、その設備の処理能力の変更を伴うものは、その完成後遅滞なく、その旨を都道府県知事等に届け出なければならない軽微な変更の工事に該当する。,×
特定設備検査合格証の交付を受けた設備（耐震設計構造物でないもの）への取替え工事として都道府県知事等の許可を受けた工事であっても、その処理能力の変更がない場合は、完成検査を受けず、又は自ら完成検査を行うことなく、この製造施設を使用することができる。,○
特定変更工事であって、事業者が自ら完成検査を実施する場合は、都道府県知事等による完成検査を受けることなく、また、検査の記録を都道府県知事等に届け出ることなくこの製造施設を使用することができる。,×
高圧ガス設備以外のガス設備の変更の工事については、都道府県知事等の許可を受けることなく工事を行うことができるが、完成後に遅滞なくその旨を都道府県知事等に届け出なければならない。,○
新たな製造施設を追加する変更の工事について、自ら完成検査を行い、検査の記録を都道府県知事等に届け出た場合は、都道府県知事等、高圧ガス保安協会又は指定完成検査機関が行う完成検査を受けることなく、その製造施設を使用することができる。,×
製造施設の位置、構造又は設備の変更の工事について、都道府県知事等の許可を受けた場合であっても、都道府県知事等、高圧ガス保安協会又は指定完成検査機関が行う完成検査を受けることなく、若しくは自ら完成検査を行うことなく、その製造施設を使用することができる変更の工事がある。,○
製造施設の高圧ガス設備以外のガス設備の変更の工事は、軽微な変更の工事に該当する。,○
25-13-1 可燃性ガスの製造施設には、その規模に応じ、適切な防消火設備を適切な箇所に設けなければならないが、この場合、この設備の作動のために必要な数量の水を常時保有することについての定めはない。,×
25-13-2 可燃性ガス又は毒性ガス以外の製造設備を新たに設けた場合には、その製造設備にかかる計装回路には、製造をする高圧ガスの種類、温度、圧力並びに製造設備の態様に応じ、保安上重要な箇所に所定のインターロック機構を設けなければならない旨の定めはない。,○
25-13-3 エチレンの製造施設、プロピレンの製造施設、ブタジエンの製造施設にかかる計器室内は、特に定める場合を除き、外部からのガスの侵入を防ぐために必要な措置を講じなければならないと定められている。,○
26-13-1 製造施設の貯蔵設備及び処理設備の外面から、この事業所の敷地外の保安のための宿直施設に対し、所定の距離を有しなければならない。,○
26-13-2 保安区画内の高圧ガス設備の外面から、隣接する保安区画内の高圧ガス設備に対して有すべき距離は、保安区画内の高圧ガス設備の燃焼熱量の数値には関係なく、一律に30m以上と定められている。,○
26-13-3 貯蔵能力2000トンの液化プロピレンの貯槽を増設するとき、この貯槽に防火上及び消火上有効な措置を講じた場合は、この貯槽の外面から隣接する貯蔵能力2000トンの液化ブタジエンの貯槽に対して所定の距離を有する必要はない。,×
27-13-1 これらの製造設備にかかる計器室は、その製造設備において発生する恐れのある危険の程度に応じた安全な位置に設置した場合、その計器室の扉および窓を耐火性のものとしなくてよい。,×
27-13-2 これらの製造設備又は製造設備にかかる計装回路には、製造をする高圧ガスの種類、温度、及び圧力並びにその製造設備の態様に応じて、保安上重要な箇所に所定のインターロック機構を設けなければならない。,○
27-13-3 これらエチレン、プロピレン及びブタジエンの製造施設には、その規模に応じ適切な防消火設備を適切な箇所に設置し、事業所には、その作動のために必要な数量の水を常時保有しなければならない。,○
28-13-1 特殊反応設備には、緊急時に安全に、かつ、速やかに遮断するための措置を講じなければならないが、この措置は自動的に遮断するものに限られており、計器室において操作することができるものは認められていない。,×
28-13-2 これらの導管にかかる導管系には、その導管系の運転状態を監視する装置の他、圧力又は流量の異常な変動等の異常な事態が発生した場合にその旨を警報する装置を設けなければならない。,○
28-13-3 この事業所に隣接するコンビナート製造事業所の境界線から所定の距離以内において、火気を扱おうとするときは、その旨を隣接するコンビナート製造事業所に連絡しなければならない。,○
29-13-1 エチレンの製造設備にかかる計装回路の保安上重要な箇所には、その製造設備の態様に応じて、所定のインターロック機構を設けなければならない。,○
29-13-2 エチレンの製造設備にかかる計器室の構造は、その製造設備において発生する恐れのある危険の程度およびその製造設備からの距離に応じて安全なものであれば、扉及び窓は耐火性のものとしなくてよい。,×
29-13-3 この事業所からほかのコンビナート製造事業所との間に新たに導管を地盤面下に埋設するときは、高圧ガスの種類に応じ、その外面から建築物、ずい道などの定められた工作物に対し、所定の水平距離を有しなければならない。,○
特殊反応設備には、緊急時に安全に、かつ、速やかに遮断するための措置を講じなければならないが、この措置は計器室において操作することができるもの又は自動的に遮断するものに限られている。,○
エチレンの製造施設、プロピレンの製造施設及びブタジエンの製造施設にかかる計器室は、その製造設備において、発生する恐れのある危険の程度及び製造設備からの距離に応じて安全なものであれば、その扉および窓は、耐火性のものとしなくてよい。,×
地盤面下に埋設した導管には、その見やすい箇所に高圧ガスの種類、導管に異常を認めた時の連絡先、その他必要な事項を明瞭に記載した標識を設けなければならない。,○
危害予防規定を定め、都道府県知事等の認可を受けなければならない。また、これを変更したときも同様である。,×
従業者に対する保安教育計画を定め、これを忠実に実行しなければならないが、その保安教育計画を変更した場合であっても、都道府県知事等に届け出る必要はない。,○
自ら保安検査を行うことができる特定施設を追加しようとする場合、継続して1年間高圧ガスを製造している施設について経済産業大臣に申請することができる。,×
認定保安検査実施者として保安検査のための組織又は保安検査の方法に変更があったときは、その変更後の認定の更新時にその旨を経済産業大臣に届け出なければならない。,×
認定完成検査実施者であるが、新たな製造施設を追加する工事については自らその完成検査を行うことができない。,○
認定保安検査実施者の認定を申請する特定施設は、その施設についての認定完成検査実施者の認定を受けた後、所定の期間を経過していなければならないと定められている。,×
この事業所において、都道府県知事等の許可を受けて新たな高圧ガスの製造施設を追加する特定変更工事を行う場合、認定完成検査実施者であるこの事業者が自らその完成検査を行うことができる。,×
この事業所に新たに高圧ガス製造施設を追加し、これを自ら保安検査を行うことができる特定施設とするためには、その施設が高圧ガスの製造を開始した後に継続して1年以上経過し、2年経過する前に経済産業大臣に申請しなければならないと定められている。,×
認定保安検査実施者に係る保安検査のための組織又は保安検査の方法に変更があったときは、遅滞なく、その旨を経済産業大臣に届け出なければならない。,○
所定の事項を記載した危害予防規程を定め、これを都道府県知事等に届け出なければならない。また、この危害予防規程を守るべき者は、この事業者及びその従業者である。,○
認定保安検査実施者として保安検査のための組織又は保安検査の方法に変更があったときは、その変更後の認定の更新時にその旨を経済産業大臣に届け出なければならない。,×
認定を受けた特定施設の保安検査を行ったときに都道府県知事等に届け出る検査の記録は、検査をした特定施設とその施設の設備ごとの検査の方法、記録及びその結果について記載したものである。,○
14-1-1 窒素のガス設備に使用する材料は、高圧ガス設備を除く部分についても、ガスの種類、性状、温度、圧力などに応じ、その設備の材料に及ぼす化学的影響および物理的影響に対し、安全な化学的成分および機械的性質を有しなければならないと定められている。,×
14-1-2 液化酸素の貯槽は、所定の耐震設計の基準により地震の影響に対して安全な構造としなければならないが、液化酸素のポンプについてはその定めはない。,○
14-1-3 この事業所の製造施設のうち、その規模に応じ、適切な防消火設備を適切な箇所に設けなければならないと定められているのは、アセチレンの製造施設および酸素の製造施設に限られている。,×
26-14-1 アンモニアの高圧ガス設備である配管の変更工事の完成検査において、水などの安全な液体を使用することが困難であると認められ、空気、窒素等の気体を使用して行う耐圧試験に合格した場合は、気密試験の実施を省略することができる。,×
26-14-2 液化アンモニア及び液化酸素の貯槽は、所定の耐震設計の基準により、地震の影響に対して安全な構造としなければならないが、液化窒素の貯槽についてはその定めはない。,×
26-14-3 酸素の高圧ガス設備に設けた安全弁にかかる放出管の開口部の位置は、放出する酸素の性質に応じた適切な位置としなければならない。,○
27-14-1 この事業所の製造設備のうち、その外面から火気を取り扱う施設に対し8m以上の距離を有し、または定められた措置を講じなければならないのは、アセチレンの製造設備のみである。,×
27-14-2 アセチレンの処理設備である圧縮機は、その外面から液化酸素のポンプに対し、10m以上の距離を有しなければならない。,○
27-14-3 高圧ガス設備の変更の工事後の完成検査において気密試験を行うとき、その試験圧力は常用の圧力の1.5倍以上と定められている。,×
28-14-1 アセチレンの製造設備の高圧ガス設備は、その外面から、酸素の製造設備の液化酸素の貯槽に対して所定の距離を有しなければならないが、窒素の製造設備の液化窒素の貯槽に対して距離を有するべき定めはない。,○
28-14-2 アセチレンの製造施設には、漏洩するガスが滞留するおそれのある場所に、そのガスの漏洩を検知し、かつ、警報するための設備を設けなければならないが、酸素の製造施設にはその定めはない。,○
28-14-3 アセチレンの製造施設には、その規模に応じ、適切な防消火設備を設けなければならないが、酸素の製造施設にはその定めはない。,×
29-14-1 アンモニア、アセチレンおよび酸素の高圧ガス設備の配管の取り換え工事後の完成検査における気密試験は、常用の圧力以上の圧力で行わなければならないが、窒素の高圧ガス設備の配管についてはその定めはない。,×
29-14-2 高圧ガス設備には、その設備内の圧力が常用の圧力を超えた場合に直ちにその圧力を常用の圧力以下に戻すことができる安全装置を設けなければならないと定められている。,×
29-14-3 窒素のガス設備のうち、高圧ガス設備に使用する材料は、ガスの種類、性状、温度、圧力に応じ、その設備の材料に及ぼす化学的影響および物理的影響に対し、安全な化学的成分及び機械的性質を有するものであることと定められている。,○
アンモニアの高圧ガス設備である配管の変更の工事の完成検査において、安全な液体を使用して所定の耐圧試験を実施し合格したので、気密試験の実施を省略した。,×
アンモニア及びアセチレンの製造施設には、漏洩するガスが滞留する恐れのある場所に、そのガスの漏洩を検知し、かつ、警報するための設備を設けたが、酸素及び窒素の製造施設にはその設備を設けなかった。,○
窒素の高圧ガス設備には、その設備内の圧力が許容圧力を超えた場合に直ちにその圧力を許容圧力以下に戻すことができる安全装置を設置したので圧力計は設けなかった。,×
アセチレンの製造施設及びアンモニアの製造施設には、その規模に応じ、適切な防消火設備を適切な箇所に設けなければならないが、酸素の製造設備にはその定めはない。,×
液化窒素の貯槽は、その基礎を不動沈下等により、その貯槽に有害なひずみを生じないものとし、その支柱は同一の基礎に緊結しなければならない。,○
高圧ガス設備のうち、所定の耐震に関する性能を有しなければならない旨の定めがあるのは、液化アンモニアの貯槽及びこれらの支持構造物に限られている。,×
アセチレンの製造設備のうちアセチレンが通る部分は、その外面からその製造設備外の火気を取り扱う施設に対し8メートル以上の距離を有しなければならないが、酸素の製造設備のうち酸素が通る部分については、その定めはない。,○
アセチレンの製造設備の高圧ガス設備のうち、アセチレンが通る部分は、その外面から酸素の製造設備の高圧ガス設備のうち、酸素が通る部分に対し所定の距離を有しなければならない。,○
窒素のガス設備のうち、高圧ガス設備に使用する材料は、ガスの種類、性状、温度、圧力等に応じ、その設備の材料に及ぼす化学的影響及び物理的影響に対し安全な化学的成分及び機械的性質を有するものでなければならない。,○
アンモニアの製造設備のアンモニアが通る部分の外面からその製造設備外の火気を取り扱う施設まで8メートル以上の距離を有している場合は、その設備から漏えいしたアンモニアがその火気を取り扱う施設に流動することを防止するための措置を講じる必要はない。,○
高圧ガス設備には、その設備内の圧力が一定の圧力を超えた場合に直ちにその圧力を一定の圧力以下に戻すことができる安全装置を設けなければならないが、その一定の圧力とはその高圧ガス設備の許容圧力である。,○
酸素は可燃性ガスに該当しないので、液化酸素の貯槽に設置した安全弁には放出管を設けなくてよい。,×
ガス設備内の圧力が許容圧力を超えた場合、直ちにその圧力を許容圧力以下に戻すことができる安全装置を設けなければならない定めがあるのは、高圧ガス設備のみである。,○
アンモニアの製造施設、アセチレンの製造施設及び酸素の製造施設には、その規模に応じ、適切な防消火設備を適切な箇所に設けなければならないが、窒素の製造施設については、その定めはない。,○
この事業所の製造設備（ガスが通る部分に限る。）のうち、特に定められた場合を除き、その外面から火気（その製造設備内のものを除く。）を取り扱う施設に対し8メートル以上の距離を有しなければならないと定められているものは、窒素の製造設備以外の製造設備である。,×
25-15-1 液化アンモニアのポンプの外面から液化酸素のポンプに対して有すべき距離は、これらの設備の間に所定の強度を有する障壁を設けることにより減じることができる。,×
25-15-2 アンモニアの製造設備のアンモニアの通る部分の外面からその製造設備外の火気を取り扱う施設まで8メートル以上の距離を有している場合は、その設備から漏洩したアンモニアがその火気を取り扱う施設に流動することを防止するための措置を講じる必要はない。,×
25-15-3 高圧ガス設備である配管の取り換え工事後の完成検査における気密試験は、常用の圧力以上の圧力で行わなければならない。,○
26-15-1 液化アンモニアの配管の外面からその製造設備外の火気を取扱う施設に対して8m以上の距離を確保できない場合は、アンモニアの流動防止措置又はアンモニアが漏洩したときに連動装置により直ちに使用中の火気を消すための措置を講じなければならない。,○
26-15-2 窒素及び酸素のガス設備のうち、高圧ガス設備を除く部分に使用する材料は、ガスの種類、性状、温度、圧力に応じ、その設備の材料に及ぼす化学的影響及び物理的影響に対し、安全な化学的成分及び機械的性質を有するものでなくてよい。,×
26-15-1 これらの高圧ガス設備には、所定の圧力計を設け、かつ、その設備内の圧力が許容圧力を超えた場合に直ちにその圧力を許容圧力以下に戻すことができる所定の安全装置を設けなければならない。,○
27-15-1 窒素のガス設備に使用する材料のうち、その材料が「ガスの種類、性状、温度、圧力などに応じ、その設備の材料に及ぼす化学的影響および物理的影響に対し、安全な化学的成分及び機械的性質を有するものであること。」の定めがあるのは、高圧ガス設備に使用するものに限られている。,○
27-15-2 高圧ガス設備に設けた安全装置のうち、安全弁又は破裂板に放出管を設けなければならない旨の定めがあるのは、アンモニア及びアセチレンの高圧ガス設備に設けられたものに限られている。,×
27-15-3 高圧ガス設備のうち、地震の影響に対して安全な構造としなければならない旨の定めがあるのは、貯槽及びこれらの支持構造物に限られている。,×
28-15-1 アセチレンの製造設備に使用する材料のうち、その材料が、ガスの種類、性状、温度、圧力などに応じ、その設備の材料に及ぼす化学的影響及び物理的影響に対し、安全な化学的成分及び機械的性質を有するものであることと定められているのは、高圧ガス設備に使用する材料に限られている。,×
28-15-2液化窒素の貯槽は、貯槽本体だけでなく、その支持構造物および基礎も、所定の耐震設計の基準により地震の影響に対して安全な構造としなければならない。,○
28-15-3 液化アンモニアの貯槽には、その貯槽内の圧力が許容圧力の1.5倍の圧力を超えた場合に直ちにその圧力を許容圧力以下に戻すことができる安全装置を設けなければならない。,×
29-15-1 アンモニアの製造設備のアンモニアの通る部分の外面から、その製造設備以外の火気を取り扱う施設に対し、8m以上の距離を確保できないので、アンモニアが漏洩したときに連動装置により直ちに使用中の火気を消すための措置を講じた。,○
29-15-2 これらの製造施設のうち、アンモニア、アセチレン及び酸素の製造施設には、その規模に応じた適切な防消火設備を適切な箇所に設けたが、窒素の製造施設には設けなかった。,○
29-15-3 液化アンモニアの貯槽の支柱及び液化酸素の貯槽の支柱は、それぞれ同一の基礎に緊結したが、液化窒素の貯槽の支柱は、同一の基礎に緊結しなかった。,×
アセチレンの製造設備の高圧ガス設備は、その外面から酸素の製造設備の液化酸素の貯槽に対して所定の距離を有しなければならないが、液化酸素のポンプに対しては所定の距離を有するべき定めはない。,×
酸素の製造設備において、高圧ガス設備に使用する材料は、ガスの種類、性状、温度、圧力等に応じ、その設備の材料に及ぼす化学的影響及び物理的影響に対し、安全な化学的成分及び機械的性質を有するものでなければならないが、高圧ガス設備以外のガス設備の材料についてもその定めがある。,○
液化窒素の貯槽は、液化アンモニアの貯槽及び液化酸素の貯槽に対して所定の距離を有し、かつ、その基礎を不動沈下等によりその貯槽に有害なひずみが生じないようなものとした場合は、液化窒素の貯槽の支柱は同一の基礎に緊結しなくてよいと定められている。,×
アンモニアの製造施設には、漏洩するガスが滞留する恐れのある場所に、そのガスの漏洩を検知し、かつ、警報するための設備を設けなければならないが、窒素の製造施設には、その定めはない。,○
窒素の高圧ガス設備に使用する材料は、ガスの種類、性状、温度、圧力等に応じ、その設備の材料に及ぼす化学的影響および物理的影響に対し、安全な化学的成分、機械的性質を有するものとしなければならない。,○
アンモニアの製造設備及びアセチレンの製造設備のそれぞれの高圧ガス設備は、その外面から酸素の高圧ガス設備に対し、所定の距離を有しなければならない。,○
液化窒素の貯槽は、その基礎を不動沈下等によりその貯槽に有害なひずみが生じないものとすれば、その貯槽の支柱を同一の基礎に緊結しなくてもよい。,×
所定の耐震に関する性能を有しなければならないものは、これらの貯槽及びその支持構造物に限られている。,×
酸素の高圧ガス設備には、所定の圧力計を設け、かつ、その設備内の圧力が許容圧力を超えた場合に直ちにその圧力を許容圧力以下に戻すことができる安全装置を設けなければならない。,○
アンモニアの製造設備の高圧ガス設備は、その外面から酸素の製造設備の高圧ガス設備（酸素が通る部分に限る。）に対して5メートル以上の距離を有しなければならないと定められている。,×
アセチレンの製造施設の圧縮アセチレンガスに係る圧縮機とそのガスを容器に充?する場所との間、その充?する場所とその充?容器に係る容器置場との間及び圧縮アセチレンガスに係る圧縮機とその充?容器に係る容器置場との間の全てに、所定の強度を有する構造の障壁を設けなければならない。,○
これらの製造施設のうち、その製造施設の規模に応じ、適切な防消火設備を適切な箇所に設けなければならないのは、アンモニアの製造施設及びアセチレンの製造施設に限られている。,×
耐震設計構造物は、所定の耐震に関する性能を有するものとしなければならないが、ポンプ、圧縮機及び容器置場はその耐震設計構造物に該当しない。,○
アセチレンの製造設備に使用する材料のうち、その材料が、ガスの種類、性状、温度、圧力等に応じ、その設備の材料に及ぼす化学的影響及び物理的影響に対し、安全な化学的成分及び機械的性質を有するものであることと定められているのは、高圧ガス設備に使用する材料に限られている。,×
液化アンモニアのポンプの外面から液化酸素のポンプに対して有すべき距離は、これらの設備の間に所定の強度を有する障壁を設けることにより減じることができる。,×
25-16-1 圧縮アセチレンの充填容器については、その温度を常に40度以下に保つべき定めがあるが、その残ガス容器についてはその定めはない。,×
25-16-2 これらの貯槽に液化ガスを充てんする場合において、その液化ガスの容量がその貯槽の常用の温度においてその内容積の90％を超えることを自動的に検知し、かつ、警報するための措置を講じなければならない旨の定めがあるのは、液化アンモニア及び液化酸素の貯槽に限られている。,×
を超えることを自動的に検知し、かつ、警報するための措置を講じるべき定めがあるのは、液化アンモニアの貯槽のみである。,○
25-16-3 液化アンモニアのポンプの逃し弁に付帯して設けた止め弁は、そのポンプの運転中を除き、閉止しておかなければならない。,×
26-16-1 液化酸素及び液化アンモニアの貯槽は、所定の基準によりその沈下状況を測定しなければならないが、不活性ガスである液化窒素の貯槽はその必要はない。,×
26-16-2 液化アンモニアの貯槽の周囲には、液化アンモニアが漏洩した場合に、その流出を防止するための措置を講じるべき定めがある。,○
26-16-3 液化アンモニアの貯槽からアンモニアを送り出すための配管に設けられたバルブのうち、貯槽の直近に設けたバルブは、使用時以外は閉鎖しておかなければならない。,○
27-16-1 高圧ガス設備の安全弁又は逃し弁に付帯して設けた止め弁は、修理又は清掃のため特に必要な場合以外は常に全開しておかなければならない。,○
27-16-2 貯槽に液化ガスを充てんするときに、その貯槽の常用の温度においてその内容積の90%を超えることを自動的に検知し、かつ、警報するための措置を講じなければならない旨の定めがあるのは、液化アンモニア及び液化酸素の貯槽に限られている。,×
27-16-3 アンモニア、アセチレン及び酸素の製造においては、その製造設備の使用開始時及び使用終了時のほか、1日に1回以上、頻繁に、その製造設備の属する製造施設の異常の有無を点検しなければならないが、窒素の製造においては、使用開始時または使用終了時のいずれか1回でよい。,×
28-16-1 液化窒素の貯槽の安全弁に付帯して設けた止め弁は、修理又は清掃のため特に必要な場合を除き、常に全開にしておいたが、液化窒素のポンプの逃し弁に付帯して設けた止め弁は、運転終了後は常に閉止しておいた。,×
28-16-2 毒性ガスである液化アンモニアの容器は、充填容器と残ガス容器にそれぞれ区分して容器置き場に置いたが、不活性ガスである圧縮窒素の容器は、充填容器と残ガス容器に区分しないで容器置き場に置いた。,×
28-16-3 液化アンモニアの容器置き場の中には、作業に必要な計量器を置いたが、携帯電燈以外の燈火は持ち込まなかった。,○
29-16-1 液化アンモニアの貯槽及び液化酸素の貯槽の周囲には、液状のガスが漏洩した場合にその流出を防止するための措置を講じるべき定めはない。,×
29-16-2 全ての貯槽は、所定の基準によりその沈下状況を測定しなければならない。,○
29-16-3 液化アンモニアの貯槽の周囲に可燃性物質を取り扱う設備がない場合であっても、その貯槽及び支柱には温度の上昇を防止するための措置を講じなければならない。,○
液化アンモニアの貯槽に設ける液面計は、丸形ガラス管えきめんけいいがいのものでなければならない。,○
液化アンモニアの貯槽は内容積が5000L以上であるので、この貯槽に取り付けた液化アンモニアを送り出すための配管又は受け入れるための配管のいずれか一方には、その液化アンモニアが漏洩したときに安全に、かつ、速やかに遮断するための措置を講じなければならない。,×
高圧ガスであるアセチレンの配管の取替え工事後の完成検査における耐圧試験は、水その他の安全な液体を使用するときは常用の圧力の1.25倍の圧力で行わなければならない。,×
液化アンモニア及び液化酸素の貯槽はそれぞれ貯蔵能力が1000トン未満であるため、いずれの貯槽も、その周囲に液状のガスが漏洩した場合にその流出を防止するための措置を講じるべき定めはない。,×
内容積が5000L以上の貯槽には、その貯槽に取り付けた液化ガスを送り出すための配管及び受け入れる配管に、その液化ガスが漏洩したときに安全に、かつ、速やかに遮断するための措置を講じなければならないものがあるが、液化窒素の貯槽にはその定めはない。,○
液化窒素の貯槽は、その周辺に可燃性物質を取り扱う設備がある場合、貯槽及び支柱に温度の上昇を防止するための措置を講じなければならないが、液化アンモニアの貯槽は周辺に可燃性物質を取り扱う設備がない場合でも、貯槽及び支柱に温度の上昇を防止するための措置を講じるべき定めがある。,○
アンモニアの製造設備及びアセチレンの製造設備を設置する室は、それらのガスが漏洩したとき滞留しないような構造とすべき定めがあるが、酸素の製造設備を設置する室についてはその定めはない。,○
アンモニアの製造施設には、保安の確保に必要な所定の設備が停電などによりその設備の機能が失われることのないよう措置を講じるべき定めがあるが、窒素の製造施設についてはその定めはない。,×
高圧ガス設備の配管の変更工事を行った後の完成検査における耐圧試験は、液化ガスが通る配管の場合は水その他の安全な液体を使用し、圧縮ガスが通る配管の場合は窒素又は空気を使用して行うことと定められている。,×
高圧ガス設備の配管の変更の工事の完成検査における耐圧試験は、水その他の安全な液体を使用して行う場合は、常用の圧力の1.25倍以上の圧力で行わなければならないと定められている。,×
液化アンモニアの貯槽に丸形ガラス管液面計を使用するときは、その貯槽とガラス液面計とを接続する配管には、そのガラス液面計の破損による液化アンモニアの漏えいを防止するための措置を講じなければならない。,×
液化アンモニアの貯槽の周囲に、液状のガスが漏えいした場合にその流出を防止するための措置として防液堤を設置する場合、その内側及びその外面から所定の距離以内には、その貯槽の付属設備その他の設備又は施設であって定められたもの以外のものを設けてはならない。,○
アセチレンの高圧ガス設備に係る配管の耐圧試験を行うときは、空気、窒素等の気体を使用して常用の圧力の1.25倍以上の圧力で行うことと定められており、水を使用することは禁じられている。,×
これらの貯槽は、所定の基準によりその沈下状況を測定しなければならない。,○
この液化アンモニア貯槽に設ける液面計は、丸形ガラス管液面計以外のものとし、ガラス液面計を使用する場合は、その破損を防止するための措置及びその貯槽とその液面計とを接続する配管には、その液面計の破損による液化アンモニアの漏えいを防止するための措置が講じられたものでなければならない。,○
25-17-1 高圧ガスを容器に充填するとき、あらかじめ、バルブ、容器及び充填用配管とバルブとの接触部に付着した石油類、油脂類又は汚れ等の付着物を除去しなければならないとの定めは、アセチレンを容器に充填するときには適用されない。,○
25-17-2 この液化アンモニアの容器置場には、携帯電燈以外の燈火を携えて立ち入ってはならないと定められている。,○
25-17-3 ガス設備の修理が終了したときは、そのガス設備が正常に作動することを確認した後でなければ高圧ガスの製造をしてはならないと定められている。,○
26-17-1 アセチレンの高圧ガス設備にかかる配管の耐圧試験を行うときは、空気、窒素などの気体を使用して常用の圧力の1.25倍以上の圧力で行うことと定められており、水を使用することは禁じられている。,×
26-17-2 液化アンモニアの貯槽には、液面計を設けなければならないが、この液面計には丸形ガラス管液面計を使用することは禁じられている。,○
26-17-3 アンモニアのガス設備にかかる配管とバルブの接合は、保安上必要な強度を有するフランジ接合としなければならず、溶接により接合することは禁じられている。,×
27-17-1 液化アンモニアの貯槽の周囲に、液状のガスが漏洩した場合にその流出を防止するための措置として防液堤を設置する場合、その内側及びその外面から所定の距離以内には、その貯槽の付属設備その他の設備又は施設であって定められたもの以外のものを設けてはならない。,○
27-17-2 製造設備のうち、沈下状況を測定するための措置を講じ、かつ、所定の基準により沈下状況を測定しなければならない旨の定めがあるのは、液化アンモニアの貯槽、液化酸素の貯槽及び液化窒素の貯槽に限られている。,○
27-17-3 液化アンモニアの貯槽に取り付けた液化アンモニアを送り出し、又は受け入れるために用いられる配管には、その貯槽の直近にバルブを設けるほか、1以上のバルブ（緊急遮断措置にかかるバルブを除く。）を設けることと定められている。,○
28-17-1 窒素のガス設備であっても、ガス設備を開放して修理するときは、そのガス設備のうち開放する部分に他の部分からガスが漏洩することを防止するための措置を講じなければならないと定められている。,○
28-17-2 窒素の製造においても、製造設備の使用開始時および使用終了時にその製造設備の属する製造施設の異常の有無を点検するほか、1日に1回以上製造をする高圧ガスの種類及び製造設備の態様に応じ頻繁に製造設備の作動状況について点検しなければならないと定められている。,○
28-17-3 液化アンモニアの貯槽に液化ガスを充てんするとき、保安係員が充填の開始時から終了時までその作業を監視する体制をとっている場合は、その貯槽の内容積の90%を超えることを自動的に検知し、かつ、警報するための措置を講じなくてもよいと定められている。,×
29-17-1 液化アンモニアの貯槽の液面計にガラス液面計を使用するときは、そのガラス液面計にはその破損を防止するための措置を講じ、貯槽とガラス液面計とを接続する配管には、その破損を防止するための措置を講じ、貯槽とガラス液面計とを接続する配管には、そのガラス液面計の破損による液化アンモニアの漏洩を防止するための措置を講じなければならない。,○
29-17-2 酸素及び窒素の製造設備を設置する室は、それらのガスが漏洩したとき、滞留しないような構造としなければならない旨の定めがある。,×
29-17-3 酸素の製造施設には、その製造施設の保安の確保に必要な所定の設備が、停電などによりその設備の機能が失われることの内容措置を講じるべき定めはない。,×
液化アンモニアの貯槽及びその支柱には、温度の上昇を防止するための措置を講じなくてよい。,×
容器置場の外面から第二保安物件に対して有しなければならない第二種置場距離は、その容器置場の面積に応じて算出される。,○
液化アンモニアの貯槽は、貯槽の基礎を所定の耐震設計の基準により、地震の影響に対して安全な構造とした場合、その沈下状況を測定するための措置を講じる必要はない。,×
高圧ガスの製造をしていないときであっても、高圧ガスの製造施設の保安の確保に必要な所定の設備に、停電などによりその機能を失うことのないよう措置を講じた。,○
高圧ガス設備の配管の工事を行った後の完成検査における耐圧試験において、水を使用することが困難であると認められたため、気体の窒素を使用して常用の圧力で耐圧試験を行った。,×
液化アンモニアの貯槽に取り付けられた液化アンモニアを受け入れるために用いる配管には、貯槽の直近に設けたバルブのほかに1以上のバルブを設けたが、このうち貯槽の直近に設けたバルブは使用時以外は閉鎖しておいた。,○
液化酸素の貯槽は、所定の耐震に関する性能を有する構造とし、かつ、その基礎は不動沈下等により有害なひずみが生じないようなものとしたので、貯槽の沈下状況にかかる所定の測定は行わないこととした。,×
液化アンモニアの貯槽の液化ガスを送り出すための配管には、貯槽の直近にバルブを設けたほか一つ以上のバルブを設け、更に、液化ガスが漏洩したときに安全に、かつ、速やかに遮断する措置を講じたので、貯槽の直近に設けたバルブは、使用時以外でも閉鎖しなかった。,×
液化アンモニアの貯槽に取り付けた液化ガスを受け入れるための配管には、液化ガスが漏洩したときに安全に、かつ、速やかに遮断するための措置を講じた。,○
アセチレンの高圧ガス設備に係る電気設備は、その設置場所及びそのガスの種類に応じた防爆性能を有する構造のものとしなければならない。,○
液化アンモニアの貯槽には、温度の上昇を防止するための措置を講じなければならないが、その支柱にはその措置を講じる必要はない。,×
液化窒素の貯槽の基礎については、所定の耐震に関する性能を有するものとした場合、その貯槽の沈下状況を測定する必要はない。,×
内容積が5000リットル以上の貯槽には、その貯槽に取り付けた液化ガスを送り出すための配管及び受け入れるための配管に、その液化ガスが漏えいしたときに安全に、かつ、速やかに遮断するための措置を講じなければならないものがあるが、液化窒素の貯槽にはその定めはない。,○
この事業所が夜間には稼働しない場合であっても、製造施設にはその保安の確保に必要な所定の設備が、停電等によりその機能が失われることのないよう措置を講じるべき定めがある。,○
液化酸素の貯槽及び液化窒素の貯槽並びにそれらの支柱には、可燃性ガスの貯槽又は可燃性物質を取り扱う設備が周辺にある場合、温度の上昇を防止するための措置を講じなければならない。,○
25-18-1 アンモニアのガス設備の配管の変更の工事を行う場合、その接合は溶接により行わなければならないが、溶接によることが適当でない場合は、保安上必要な強度を有するフランジ接合又はねじ接合継ぎ手による接合とすることができる。,○
25-18-2 製造設備に設けたバルブまたはコックには、作業員がそのバルブまたはコックを適切に操作する措置を講じなければならないが、そのバルブまたはコックを開閉する操作ボタンなどには、その措置を講じる必要はない。,×
25-18-3 液化酸素及び液化窒素の貯槽には、液面計を設置する必要はない。,×
26-18-1 この容器置き場の外面から第一種保安物件及び第二種保安物件に対し有すべき距離は、アンモニア、アセチレン、酸素及び窒素の処理設備の処理能力の合計から算出される。,×
26-18-2 アンモニアの製造設備には、そのガスが漏洩したときに安全に、かつ、速やかに除害するための措置を講じなければならないが、アセチレンの製造設備には、その定めはない。,○
26-18-3 この事業所が夜間には稼働しない場合であっても、製造施設の保安の確保に必要な所定の設備が、停電などによりその機能が失われることのないよう措置を講じるべき定めがある。,○
27-18-1 高圧ガス設備である配管の変更工事後の完成検査において、耐圧試験を空気、窒素などの気体を使用して行うことができるのは、水その他の安全な液体を使用して行うことが困難であると認められるときに限られている。,○
27-18-2 液化アンモニアの貯槽は内容積が5000L以上であるので、この貯槽に取り付けた液化アンモニアを送り出し、又は受け入れるために用いられる配管のいずれか一方に、その液化アンモニアが漏洩したときに安全に、かつ、速やかに遮断するための措置を講じなければならない。,×
27-18-3 液化アンモニアの配管の接合は、溶接によることが適当でない場合は、保安上必要な強度を有するフランジ接合を持って代えることができるが、ねじ接合継ぎ手による接合はいかなる場合であっても認められていない。,×
28-18-1 液化アンモニアの貯槽の周囲には、液状のアンモニアが漏洩した場合に、その流出を防止するための措置を講じなければならないが、液化窒素の貯槽の周囲には、その措置を講じるべき定めはない。,○
28-18-2 液化アンモニアの製造設備を設置する室は、アンモニアガスが漏洩したときに滞留しない構造としなければならない。,○
28-18-3 高圧ガス設備は所定の耐圧試験に合格するものでなければならないが、その試験圧力は、常用の圧力に関係なく、製造する高圧ガスの種類によって定められている。,×
29-18-1 液化窒素の貯槽の内容積は、5000L以上であるため、この貯槽に取り付けた配管のうち、液化ガスを送り出し、又は受け入れるために用いられるものには、その液化窒素が漏洩したときに安全に、かつ、速やかに遮断するための措置を講じなければならない旨の定めがある。,×
29-18-2 アンモニアの製造設備には、アンモニアが漏洩したときに安全に、かつ、速やかに除害するための措置を講じなければならない。,○
29-18-3 製造設備に設けたバルブまたはコックには、作業員がそのバルブまたはコックを適切に操作する措置を講じなければならないが、そのバルブまたはコックを開閉する操作ボタンなどには、その措置を講じる必要がない。,×
液化アンモニアの貯槽の液状のガスを送り出すための配管又は受け入れるための配管に、液化アンモニアが漏洩したときに安全に、かつ、速やかに遮断するためのバルブを設け、そのバルブを使用時以外に閉止している場合は、その配管に設けたバルブのうち貯槽の直近にあるものは、使用時以外でも常時開とすることができる。,×
この液化アンモニアの貯槽の周囲には、液状のアンモニアが漏洩した場合に流出を防止するための措置を講じなくてよい。,×
アンモニアのガス設備の配管の接合は、溶接によることが適当でない場合、保安上必要な強度を有するねじ接合継ぎ手によることができる。,○
アンモニアのガス設備にかかる配管、管継手及びバルブの接合を溶接により行った場合であっても、ポンプ、バルブ及び継手その他アンモニアが漏洩する恐れのある箇所にはその旨の危険標識を掲げなければならない。,○
窒素の製造設備に設けたバルブには、作業員がそのバルブを適切に操作することができるような措置を講じなければならない旨の定めはない。,×
この容器置場の外面から第一種保安物件及び第二種保安物件に対し有すべき距離は、アンモニア、アセチレン、酸素及び窒素の処理設備の処理能力の合計から算出される。,×
アンモニアの製造施設及びアセチレンの製造施設には、それぞれ製造施設から漏洩するガスが滞留する恐れのある場所に、そのガスの漏洩を検知し、かつ、警報するための設備を設けなければならない。,○
容器置場の外面から第一種保安物件及び第二種保安物件に対して有すべき第一種置場距離及び第二種置場距離は、その容器置場の面積に応じて算出される。,○
これらの製造設備に設けたバルブまたはコックには、作業員が適切に操作することができる措置を講じなければならない。,○
アンモニアの製造施設には、ポンプ、バルブ及び継手その他アンモニアが漏えいするおそれのある箇所に、その旨の危険標識を掲げれば、他の製造施設と区分して、その外部から毒性ガスの製造施設である旨を容易に識別することができるような措置を講じる必要はない。,×
アンモニアの製造設備及び容器置場には、アンモニアが漏えいしたときに安全に、かつ、速やかに除害するための措置を講じなければならない。,○
この高圧ガス製造施設に係る容器置場の外面から第一種保安物件及び第二種保安物件に対し有すべき距離は、その処理能力及び貯蔵能力に応じて算出される。,×
これらの高圧ガスの製造施設のうち、ポンプ、バルブ及び継手その他ガスが漏えいするおそれのある箇所に、その旨の危険標識を掲げなければならない製造施設は、アンモニアのものに限られている。,○
アンモニアの製造施設のガス設備に係る配管の接合は、いかなる場合であっても、溶接以外は認められていない。,×
この容器置場の外面から第一種保安物件に対して有すべき距離は、第一種保安物件に対して所定の強度を有する構造の障壁を設けた場合には、第一種置場距離の分の1/2の距離となる。,○
25-19-1 液化アンモニアの貯槽の周囲に可燃性物質を取り扱う設備がない場合であっても、その貯槽及び支柱には温度の上昇を防止するための措置を講じなければならない。,○
25-19-2 これらの貯槽はその内容積が5000リットルを超えているが、貯槽に取り付けた配管に、その液化ガスが漏洩したときに安全に、かつ、速やかに除害するための措置を講じなければならない貯槽は、液化アンモニア及び液化酸素の貯槽に限られている。,○
25-19-3 アセチレンの製造施設のうち、高圧ガス設備以外のガス設備の変更工事を行ったときは、常用の圧力の1.5倍以上の圧力で、水その他の安全な液体を使用して行う耐圧試験に合格しなければならないと定められている。,×
26-19-1 アンモニアの高圧ガス設備の安全弁に付帯して設けた止め弁は、アンモニアの漏洩を防止するため、充填作業の終了後は閉止しておかなければならない。,×
26-19-2 窒素の高圧ガスを製造する場合であっても、その製造設備の使用開始時及び使用終了時にその製造設備の属する製造施設の異常の有無を点検するほか、1日に1回以上製造をする高圧ガスの種類及び製造設備の態様に応じ頻繁に製造設備の作動状況について点検しなければならない。,○
26-19-3 高圧ガスを充てんした容器は圧縮窒素のものであっても、充填容器及び残ガス容器にそれぞれ区分して容器置き場に置かなければならない。,○
27-19-1 高圧ガス設備にかかる電気設備を、その設置場所及びそのガスの種類に応じた防爆性能を有する構造にしなければならないと定められているのは、アセチレンの製造施設に限られている。,○
27-19-2 製造設備に設けたバルブのうち、作業員が頻繁に操作をするバルブ以外のバルブには作業員が適切に操作することができるような措置を講じる必要はない。,×
27-19-3 容器置き場の増築を行い、面積を1200平方メートルとした場合であっても、容器置き場の外面から第一種保安物件及び第二種保安物件に対して有すべき距離は増築前と変わらない。,○
28-19-1 全ての貯槽について、その沈下状況を測定するための措置を講じ、所定の基準により沈下状況を測定しなければならない。,○
28-19-2 全ての貯槽は内容積が5000L以上であるため、それぞれの貯槽に取り付けた配管には、その液化ガスが漏洩したときに安全に、かつ、速やかに遮断するための措置を講じなければならないと定められている。,×
28-19-3 液化酸素の貯槽及び液化窒素の貯槽並びにそれらの支柱には、可燃性ガスの貯槽又は可燃性物質を取り扱う設備が周辺にある場合に、温度の上昇を防止する措置を講じなければならない。,○
29-19-1 高圧ガス設備の安全弁又は逃し弁に付帯して設けた止め弁は、修理又は清掃のため特に必要な場合を除き、常に全開しておかなければならない。,○
29-19-2 これらの貯槽に液化ガスを充てんするときは、それぞれの液化ガスの容量がそれぞれの貯槽の常用の温度においてその内容積の90%を超えないように充填しなければならない。,○
29-19-3 これらの高圧ガスの製造においては、その製造設備の使用開始時及び使用終了時にその製造設備の属する製造施設の異常の有無を点検するほか、1日に1回以上製造する高圧ガスの種類及び製造設備の態様に応じ頻繁に製造設備の作動状況を点検しなければならない。,○
高圧ガス設備の安全弁又は逃し弁に付帯して設けた止め弁は、修理又は清掃のため特に必要な場合以外は常に全開しておかなければならない。,○
液化アンモニア、液化酸素、液化窒素の貯槽に液化ガスを充填するときは、液化ガスの容量がそれぞれ貯槽の常用の温度においてその内容積の90%を超えないように充填しなければならない。また、これらすべての貯槽には、その90%を超えることを自動的に検知し、かつ、警報するための措置を講じなければならないと定められている。,×
窒素の製造は、製造設備の使用開始時及び使用終了時にその製造設備に属する製造施設の異常の有無を点検すれば、1日に1回以上製造をする製造設備の作動状況について点検しなくてよい。,×
液化窒素の貯槽の安全弁に付帯して設けた止め弁は、修理又は清掃のために必要な場合を除き、常に全開しなければならないが、液化窒素のポンプの逃し弁に付帯して設けた止め弁は、運転終了後は常に閉止しておかなければならない。,×
これらの貯槽に液化ガスを充填する場合においてその液化ガスの容量がその貯槽の常用の温度においてその内容積の90%を超えることを自動的に検知し、かつ、警報するための措置を講じるべき定めがあるのは、液化アンモニアの貯槽のみである。,○
容器置場には、計量器等作業に必要なもの以外のものを置いてはならない。,○
処理設備である液化アンモニアのポンプの逃し弁に付帯して設けた止め弁は、そのポンプの運転中を除き、閉止しておかなければならない。,×
液化アンモニアの貯槽に液化アンモニアを充填するとき、その貯槽には、液化アンモニアの容量がその貯槽の常用の温度においてその内容積の90%を超えることを自動的に検知し、かつ、警報するための措置を講じておかなければならない。,○
圧縮窒素の製造は、その製造設備の使用開始時及び使用終了時にその製造設備の属する製造施設の異常の有無を点検するほか、1日に1回以上製造をする高圧ガスの種類及び製造設備の態様に応じ頻繁に製造設備の作動状況について点検して行わなければならない。,○
高圧ガス設備の安全弁に付帯して設けた止め弁は、高圧ガス設備の使用終了後は、ガスの漏えいを防止するため閉止しておかなければならない。,×
液化アンモニアの貯槽に液化ガスを充?するときは、常用の温度においてその内容積の90パーセントを超えないように充?しなければならない。また、貯槽には90パーセントを超えることを自動的に検知し、警報するための措置を講じなければならない。,○
窒素の製造については、その製造設備の使用開始時又は使用終了時に1日1回以上異常の有無を点検すればよい。,×
高圧ガス設備の安全弁に付帯して設けた止め弁は、製造設備の使用終了時から使用開始時までの間は、不用意なガスの放出を防ぐため、閉止しておかなければならない。,×
全ての高圧ガスの製造は、その製造設備の使用開始時及び使用終了時にその製造設備の属する製造施設の異常の有無を点検するほか、1日に1回以上製造をする高圧ガスの種類及び製造設備の態様に応じ頻繁に製造設備の作動状況について点検し、異常のあるときは、その設備の補修その他の危険を防止する措置を講じて行わなければならない。,○
液化窒素のポンプについて、その修理が終了したときはそのポンプが正常に作動することを確認した後でなければ高圧ガスの製造をしてはならないが、その内部の清掃の場合はそのポンプが正常に作動することを確認することなく高圧ガスの製造をすることができる。,×
25-20-1 アンモニアの製造施設には、ポンプ、バルブ及び継手その他アンモニアが漏洩する恐れのある箇所に、その旨の危険標識を掲げれば、他の製造施設と区分して、その外部から毒性ガスの製造施設である旨を容易に識別することができるような措置を講じる必要はない。,×
25-20-2 窒素の高圧ガス設備には、その設備内の圧力が許容圧力を超えた場合に直ちにその圧力を許容圧力以下に戻すことができる安全装置を設ける必要はない。,×
25-20-3 アンモニアの製造設備には、アンモニアが漏洩したときに安全に、かつ、速やかに除害するための措置を講じなければならない。,○
26-20-1 液化アンモニア及び液化窒素のそれぞれの貯槽に充填するときは、その液化ガスの容量がその貯槽の常用の温度において、その内容積の90%を超えないように充填しなければならないが、液化窒素を貯槽に充填するときはその定めはない。,×
26-20-2 窒素のガス設備の修理又は清掃を行うとき、あらかじめ、その作業の責任者を定め、かつ、その責任者の監視のもとに作業を行う場合は、その作業計画を定める必要はない。,×
26-20-3 充填容器および残ガス容器であって、それぞれ内容積が5リットルを超えるものには、転落、転倒による衝撃を防止する措置を講じなければならない。,○
27-20-1 これらの製造設備のうち、ガス設備を開放して修理するときに、その開放する部分に他の部分からガスが漏洩することを防止するための措置を講じなければならない旨の定めがあるのは、アセチレンとアンモニアの製造設備に限られている。,×
27-10-2 容器置場には、計量器等作業に必要なもの以外のものを置いてはならない。,○
27-10-3 アンモニア、アセチレン及び酸素を充てんした容器は、それぞれ区分するとともに、これらの充填容器及び残ガス容器にそれぞれ区分して容器置場に置かなければならない。,○
28-20-1 アンモニアの製造施設には、他の製造施設と区分して、その外部から毒性ガスの製造施設である旨を容易に識別することができるような措置を講じた場合は、ポンプ、バルブ及び継手その他アンモニアが漏洩する恐れのある箇所に、その旨の危険標識を掲げる必要はない。,×
28-20-2 液化アンモニアの配管の接合は、溶接によることが適当でない場合は、保安上必要な強度を有するねじ接合継ぎ手によることができる。,○
28-20-3 容器置場は、その外面から第一種保安物件及び第二種保安物件に対し、それぞれ所定の距離以上の距離を有しなければならない。,○
29-20-1 窒素のガス設備の修理又は清掃を行うとき、あらかじめ、その作業の責任者を定め、かつ、その責任者の監視のもとに作業を行う場合は、その作業計画を定める必要はない。,×
29-20-2 圧縮アセチレンの充填容器及び残ガス容器は、それぞれ区分して容器置き場に置かなければならないが、圧縮窒素の充填容器及び残ガス容器は、それぞれ区分して容器置き場に置く必要はない。,×
29-20-3 充填容器及び残ガス容器であって、それぞれ内容積が5Lを超えるものには、転落、転倒などによる衝撃及びバルブの損傷を防止する措置を講じ、かつ、粗暴な取り扱いをしてはならない。,○
これらの製造施設のガス設備のうち、その修理又は清掃をするときに危険を防止するための措置を講じなければならない旨の定めがあるのは、高圧ガス設備の修理又は清掃をするときに限られている。,×
液化アンモニアの充填容器及び残ガス容器は、それぞれ区分して容器置き場に置かなければならないが、圧縮窒素の充填容器及び残ガス容器は、それぞれ区分して容器置場に置くべき定めはない。,×
圧縮アセチレン、圧縮酸素及び圧縮窒素にかかる充填容器及び残ガス容器は、常に温度40度以下に保たなければならない。,○
窒素のガス設備であっても、ガス設備を開放して修理をするときは、そのガス設備のうち開放する部分にほかの部分からガスが漏洩することを防止するための措置を講じなければならないと定められている。,○
この事業所が製造施設につき従業員の交代制をとっていない場合、高圧ガスの製造は、製造設備の使用開始時及び使用終了時にその製造設備の属する製造施設の異常の有無を点検すれば、製造設備の作動状況について点検する必要はない。,×
ガス設備の修理を行うときは、あらかじめ、その修理の作業計画及びその作業の責任者を定め、修理はその作業計画に従うとともに、その作業の責任者の監視の下で行うか、または、異常があったときに直ちにその旨をその責任者に通報するための措置を講じて行わなければならない。,○
これらの製造施設のうち、その修理又は清掃をするときに危険を防止するための措置を講じなければならないのは、アンモニアのガス設備、アセチレンのガス設備、酸素のガス設備及び窒素の高圧ガス設備に限られている。,×
圧縮酸素の容器置場の周囲2m以内において火気を使用する場合、容器と火気の間を有効に遮る措置を講じたうえで火気を使用しなければならない。,○
液化アンモニアの容器置場及び圧縮アセチレンの容器置場には、携帯電燈以外の燈火を携えて立ち入ってはならないと定められている。,○
これらの製造設備のうち、ガス設備を開放して修理するときにその開放する部分に他の部分からガスが漏えいすることを防止するための措置を講じなければならない旨の定めがあるのは、アセチレンとアンモニアの製造設備に限られている。,×
液化アンモニアの充?容器及び残ガス容器は、それぞれ区分して容器置場に置かなければならないが、圧縮窒素の充?容器及び残ガス容器は、それぞれ区分して容器置場に置くべき定めはない。,×
液化アンモニアの容器置場の周囲2メートル以内においては、特に定める場合を除き、火気の使用を禁止し、かつ、引火性又は発火性の物を置いてはならない。,○
圧縮酸素の容器置場については、容器と火気又は引火性若しくは発火性の物の間を有効に遮る措置を講じていない場合、その容器置場の周囲2メートル以内においては、火気の使用を禁じ、かつ、引火性又は発火性の物を置いてはならない。,○
圧縮窒素の容器のみを容器置場に置くときは、充?容器及び残ガス容器にそれぞれ区分して置くべき定めはない。,×
液化アンモニアの充?容器と圧縮酸素の充?容器は、それぞれ区分して容器置場に置かなければならないが、液化アンモニアの充?容器と圧縮窒素の充?容器をそれぞれ区分して容器置場に置くべき定めはない。,○
